CODIGO,MEDICAMENTO,PACTIVO,REACADV,FRECUENCIA,SISTEMA
23622,Sulmetin simple 150 mg/ml solución inyectable y para perfusión,sulfato de magnesio heptahidratado,problemas de la visión,POCO FRECUENTE,TRASTORNOS DE ÓRGANOS DE LOS SENTIDOS
23622,Sulmetin simple 150 mg/ml solución inyectable y para perfusión,sulfato de magnesio heptahidratado,problemas del habla,POCO FRECUENTE,TRASTORNOS DE ÓRGANOS DE LOS SENTIDOS
23622,Sulmetin simple 150 mg/ml solución inyectable y para perfusión,sulfato de magnesio heptahidratado,dolor en el punto de inyección,POCO FRECUENTE,TRASTORNOS DE PIEL Y TEJIDOS
23622,Sulmetin simple 150 mg/ml solución inyectable y para perfusión,sulfato de magnesio heptahidratado,bradicardia,FRECUENTE,TRASTORNOS DEL SISTEMA CARDIOVASCULAR
23622,Sulmetin simple 150 mg/ml solución inyectable y para perfusión,sulfato de magnesio heptahidratado,hipotensión por vasodilatación periférica,FRECUENTE,TRASTORNOS DEL SISTEMA CARDIOVASCULAR
23622,Sulmetin simple 150 mg/ml solución inyectable y para perfusión,sulfato de magnesio heptahidratado,parada cardiaca o colapso circulatorio,POCO FRECUENTE,TRASTORNOS DEL SISTEMA CARDIOVASCULAR
23622,Sulmetin simple 150 mg/ml solución inyectable y para perfusión,sulfato de magnesio heptahidratado,rubor,FRECUENTE,TRASTORNOS DEL SISTEMA CARDIOVASCULAR
23622,Sulmetin simple 150 mg/ml solución inyectable y para perfusión,sulfato de magnesio heptahidratado,vasodilatación consensación de calor,POCO FRECUENTE,TRASTORNOS DEL SISTEMA CARDIOVASCULAR
23622,Sulmetin simple 150 mg/ml solución inyectable y para perfusión,sulfato de magnesio heptahidratado,náuseas ,POCO FRECUENTE,TRASTORNOS DEL SISTEMA DIGESTIVO
23622,Sulmetin simple 150 mg/ml solución inyectable y para perfusión,sulfato de magnesio heptahidratado,sed,POCO FRECUENTE,TRASTORNOS DEL SISTEMA DIGESTIVO
23622,Sulmetin simple 150 mg/ml solución inyectable y para perfusión,sulfato de magnesio heptahidratado,vómitos,POCO FRECUENTE,TRASTORNOS DEL SISTEMA DIGESTIVO
23622,Sulmetin simple 150 mg/ml solución inyectable y para perfusión,sulfato de magnesio heptahidratado,sudoración excesiva,POCO FRECUENTE,TRASTORNOS DEL SISTEMA ENDOCRINO
23622,Sulmetin simple 150 mg/ml solución inyectable y para perfusión,sulfato de magnesio heptahidratado,hipotermia,POCO FRECUENTE,TRASTORNOS DEL SISTEMA GENERAL
23622,Sulmetin simple 150 mg/ml solución inyectable y para perfusión,sulfato de magnesio heptahidratado,debilidad muscular.,POCO FRECUENTE,TRASTORNOS DEL SISTEMA MÚSCULO-ESQUELÉTICO
23622,Sulmetin simple 150 mg/ml solución inyectable y para perfusión,sulfato de magnesio heptahidratado,coma,POCO FRECUENTE,TRASTORNOS DEL SISTEMA NERVIOSO
23622,Sulmetin simple 150 mg/ml solución inyectable y para perfusión,sulfato de magnesio heptahidratado,depresión del SNC que puede preceder a la parálisis respiratoria,POCO FRECUENTE,TRASTORNOS DEL SISTEMA NERVIOSO
23622,Sulmetin simple 150 mg/ml solución inyectable y para perfusión,sulfato de magnesio heptahidratado,dolor de cabeza,POCO FRECUENTE,TRASTORNOS DEL SISTEMA NERVIOSO
23622,Sulmetin simple 150 mg/ml solución inyectable y para perfusión,sulfato de magnesio heptahidratado,mareos,POCO FRECUENTE,TRASTORNOS DEL SISTEMA NERVIOSO
23622,Sulmetin simple 150 mg/ml solución inyectable y para perfusión,sulfato de magnesio heptahidratado,pérdida de reflejo tendinoso,FRECUENTE,TRASTORNOS DEL SISTEMA NERVIOSO
23622,Sulmetin simple 150 mg/ml solución inyectable y para perfusión,sulfato de magnesio heptahidratado,somnolencia ,POCO FRECUENTE,TRASTORNOS DEL SISTEMA NERVIOSO
23622,Sulmetin simple 150 mg/ml solución inyectable y para perfusión,sulfato de magnesio heptahidratado,depresión respiratoria debido al bloqueo neuromuscular,POCO FRECUENTE,TRASTORNOS DEL SISTEMA RESPIRATORIO
23622,Sulmetin simple 150 mg/ml solución inyectable y para perfusión,sulfato de magnesio heptahidratado,confusión,POCO FRECUENTE,TRASTORNOS PSIQUIÁTRICOS
39411,"SYNALAR GAMMA 0,01% crema 60 g",acetónido de fluocinolona,"Atrofia cutánea, a menudo irreversible, con adelgazamiento de la epidermis",NO FRECUENTE,TRASTORNOS DE PIEL Y TEJIDOS
39411,"SYNALAR GAMMA 0,01% crema 60 g",acetónido de fluocinolona,Dermatitis perioral,NO FRECUENTE,TRASTORNOS DE PIEL Y TEJIDOS
39411,"SYNALAR GAMMA 0,01% crema 60 g",acetónido de fluocinolona,"Dermatitis y eczema, incluyendo dermatitis de contacto",NO FRECUENTE,TRASTORNOS DE PIEL Y TEJIDOS
39411,"SYNALAR GAMMA 0,01% crema 60 g",acetónido de fluocinolona,Despigmentación de la piel,NO FRECUENTE,TRASTORNOS DE PIEL Y TEJIDOS
39411,"SYNALAR GAMMA 0,01% crema 60 g",acetónido de fluocinolona,Efecto rebote,NO FRECUENTE,TRASTORNOS DE PIEL Y TEJIDOS
39411,"SYNALAR GAMMA 0,01% crema 60 g",acetónido de fluocinolona,Erupciones acneiformes,NO FRECUENTE,TRASTORNOS DE PIEL Y TEJIDOS
39411,"SYNALAR GAMMA 0,01% crema 60 g",acetónido de fluocinolona,Estrías en la piel,NO FRECUENTE,TRASTORNOS DE PIEL Y TEJIDOS
39411,"SYNALAR GAMMA 0,01% crema 60 g",acetónido de fluocinolona,Foliculitis,SIN FRECUENCIA,TRASTORNOS DE PIEL Y TEJIDOS
39411,"SYNALAR GAMMA 0,01% crema 60 g",acetónido de fluocinolona,Hipertricosis,SIN FRECUENCIA,TRASTORNOS DE PIEL Y TEJIDOS
39411,"SYNALAR GAMMA 0,01% crema 60 g",acetónido de fluocinolona,Infección secundaria,SIN FRECUENCIA,TRASTORNOS DE PIEL Y TEJIDOS
39411,"SYNALAR GAMMA 0,01% crema 60 g",acetónido de fluocinolona,Maceración dérmica,SIN FRECUENCIA,TRASTORNOS DE PIEL Y TEJIDOS
39411,"SYNALAR GAMMA 0,01% crema 60 g",acetónido de fluocinolona,Miliaria,SIN FRECUENCIA,TRASTORNOS DE PIEL Y TEJIDOS
39411,"SYNALAR GAMMA 0,01% crema 60 g",acetónido de fluocinolona,Prurito,SIN FRECUENCIA,TRASTORNOS DE PIEL Y TEJIDOS
39411,"SYNALAR GAMMA 0,01% crema 60 g",acetónido de fluocinolona,Púrpura,NO FRECUENTE,TRASTORNOS DE PIEL Y TEJIDOS
39411,"SYNALAR GAMMA 0,01% crema 60 g",acetónido de fluocinolona,Sensación de quemazón,NO FRECUENTE,TRASTORNOS DE PIEL Y TEJIDOS
39411,"SYNALAR GAMMA 0,01% crema 60 g",acetónido de fluocinolona,Sequedad de la piel,SIN FRECUENCIA,TRASTORNOS DE PIEL Y TEJIDOS
39411,"SYNALAR GAMMA 0,01% crema 60 g",acetónido de fluocinolona,Telangiectasia,NO FRECUENTE,TRASTORNOS DE PIEL Y TEJIDOS
39411,"SYNALAR GAMMA 0,01% crema 60 g",acetónido de fluocinolona,Supresión adrenal,NO FRECUENTE,TRASTORNOS DEL SISTEMA ENDOCRINO
39411,"SYNALAR GAMMA 0,01% crema 60 g",acetónido de fluocinolona,Hipersensibilidad,SIN FRECUENCIA,TRASTORNOS DEL SISTEMA INMUNOLÓGICO
60724,MANIDON RETARD 180 mg COMPRIMIDOS DE LIBERACION PROLONGADA,VERAPAMILO ,Aumento de la prolactina en sangre,SIN FRECUENCIA,EXPLORACIONES COMPLEMENTARIAS
60724,MANIDON RETARD 180 mg COMPRIMIDOS DE LIBERACION PROLONGADA,VERAPAMILO ,Tinnitus,NO FRECUENTE,TRASTORNOS DE ÓRGANOS DE LOS SENTIDOS
60724,MANIDON RETARD 180 mg COMPRIMIDOS DE LIBERACION PROLONGADA,VERAPAMILO ,Vértigo,SIN FRECUENCIA,TRASTORNOS DE ÓRGANOS DE LOS SENTIDOS
60724,MANIDON RETARD 180 mg COMPRIMIDOS DE LIBERACION PROLONGADA,VERAPAMILO ,Alopecia,SIN FRECUENCIA,TRASTORNOS DE PIEL Y TEJIDOS
60724,MANIDON RETARD 180 mg COMPRIMIDOS DE LIBERACION PROLONGADA,VERAPAMILO ,Angioedema,SIN FRECUENCIA,TRASTORNOS DE PIEL Y TEJIDOS
60724,MANIDON RETARD 180 mg COMPRIMIDOS DE LIBERACION PROLONGADA,VERAPAMILO ,Eritema multiforme,SIN FRECUENCIA,TRASTORNOS DE PIEL Y TEJIDOS
60724,MANIDON RETARD 180 mg COMPRIMIDOS DE LIBERACION PROLONGADA,VERAPAMILO ,Exantema maculopapular,SIN FRECUENCIA,TRASTORNOS DE PIEL Y TEJIDOS
60724,MANIDON RETARD 180 mg COMPRIMIDOS DE LIBERACION PROLONGADA,VERAPAMILO ,Hiperhidrosis,NO FRECUENTE,TRASTORNOS DE PIEL Y TEJIDOS
60724,MANIDON RETARD 180 mg COMPRIMIDOS DE LIBERACION PROLONGADA,VERAPAMILO ,Picazón,SIN FRECUENCIA,TRASTORNOS DE PIEL Y TEJIDOS
60724,MANIDON RETARD 180 mg COMPRIMIDOS DE LIBERACION PROLONGADA,VERAPAMILO ,Prurito,SIN FRECUENCIA,TRASTORNOS DE PIEL Y TEJIDOS
60724,MANIDON RETARD 180 mg COMPRIMIDOS DE LIBERACION PROLONGADA,VERAPAMILO ,Púrpura,SIN FRECUENCIA,TRASTORNOS DE PIEL Y TEJIDOS
60724,MANIDON RETARD 180 mg COMPRIMIDOS DE LIBERACION PROLONGADA,VERAPAMILO ,Síndrome de Stevens-Johnson,SIN FRECUENCIA,TRASTORNOS DE PIEL Y TEJIDOS
60724,MANIDON RETARD 180 mg COMPRIMIDOS DE LIBERACION PROLONGADA,VERAPAMILO ,Urticaria,SIN FRECUENCIA,TRASTORNOS DE PIEL Y TEJIDOS
60724,MANIDON RETARD 180 mg COMPRIMIDOS DE LIBERACION PROLONGADA,VERAPAMILO ,Hiperpotasemia,SIN FRECUENCIA,TRASTORNOS DEL METABOLISMO Y LA NUTRICIÓN
60724,MANIDON RETARD 180 mg COMPRIMIDOS DE LIBERACION PROLONGADA,VERAPAMILO ,Asístole,SIN FRECUENCIA,TRASTORNOS DEL SISTEMA CARDIOVASCULAR
60724,MANIDON RETARD 180 mg COMPRIMIDOS DE LIBERACION PROLONGADA,VERAPAMILO ,Bloqueo auriculoventricular,SIN FRECUENCIA,TRASTORNOS DEL SISTEMA CARDIOVASCULAR
60724,MANIDON RETARD 180 mg COMPRIMIDOS DE LIBERACION PROLONGADA,VERAPAMILO ,Bradicardia,FRECUENTE,TRASTORNOS DEL SISTEMA CARDIOVASCULAR
60724,MANIDON RETARD 180 mg COMPRIMIDOS DE LIBERACION PROLONGADA,VERAPAMILO ,Bradicardia sinusal,SIN FRECUENCIA,TRASTORNOS DEL SISTEMA CARDIOVASCULAR
60724,MANIDON RETARD 180 mg COMPRIMIDOS DE LIBERACION PROLONGADA,VERAPAMILO ,Hipotensión,FRECUENTE,TRASTORNOS DEL SISTEMA CARDIOVASCULAR
60724,MANIDON RETARD 180 mg COMPRIMIDOS DE LIBERACION PROLONGADA,VERAPAMILO ,Insuficiencia cardíaca,SIN FRECUENCIA,TRASTORNOS DEL SISTEMA CARDIOVASCULAR
60724,MANIDON RETARD 180 mg COMPRIMIDOS DE LIBERACION PROLONGADA,VERAPAMILO ,Palpitaciones,POCO FRECUENTE,TRASTORNOS DEL SISTEMA CARDIOVASCULAR
60724,MANIDON RETARD 180 mg COMPRIMIDOS DE LIBERACION PROLONGADA,VERAPAMILO ,Pausa sinusal,SIN FRECUENCIA,TRASTORNOS DEL SISTEMA CARDIOVASCULAR
60724,MANIDON RETARD 180 mg COMPRIMIDOS DE LIBERACION PROLONGADA,VERAPAMILO ,Sofocos,FRECUENTE,TRASTORNOS DEL SISTEMA CARDIOVASCULAR
60724,MANIDON RETARD 180 mg COMPRIMIDOS DE LIBERACION PROLONGADA,VERAPAMILO ,Taquicardia,POCO FRECUENTE,TRASTORNOS DEL SISTEMA CARDIOVASCULAR
60724,MANIDON RETARD 180 mg COMPRIMIDOS DE LIBERACION PROLONGADA,VERAPAMILO ,Dolor abdominal,POCO FRECUENTE,TRASTORNOS DEL SISTEMA DIGESTIVO
60724,MANIDON RETARD 180 mg COMPRIMIDOS DE LIBERACION PROLONGADA,VERAPAMILO ,Estreñimiento,FRECUENTE,TRASTORNOS DEL SISTEMA DIGESTIVO
60724,MANIDON RETARD 180 mg COMPRIMIDOS DE LIBERACION PROLONGADA,VERAPAMILO ,Hiperplasia gingival,SIN FRECUENCIA,TRASTORNOS DEL SISTEMA DIGESTIVO
60724,MANIDON RETARD 180 mg COMPRIMIDOS DE LIBERACION PROLONGADA,VERAPAMILO ,Molestias abdominales ,SIN FRECUENCIA,TRASTORNOS DEL SISTEMA DIGESTIVO
60724,MANIDON RETARD 180 mg COMPRIMIDOS DE LIBERACION PROLONGADA,VERAPAMILO ,Náuseas,FRECUENTE,TRASTORNOS DEL SISTEMA DIGESTIVO
60724,MANIDON RETARD 180 mg COMPRIMIDOS DE LIBERACION PROLONGADA,VERAPAMILO ,Oclusión intestinal,SIN FRECUENCIA,TRASTORNOS DEL SISTEMA DIGESTIVO
60724,MANIDON RETARD 180 mg COMPRIMIDOS DE LIBERACION PROLONGADA,VERAPAMILO ,Vómitos,NO FRECUENTE,TRASTORNOS DEL SISTEMA DIGESTIVO
60724,MANIDON RETARD 180 mg COMPRIMIDOS DE LIBERACION PROLONGADA,VERAPAMILO ,Insuficiencia renal,SIN FRECUENCIA,TRASTORNOS DEL SISTEMA EXCRETOR
60724,MANIDON RETARD 180 mg COMPRIMIDOS DE LIBERACION PROLONGADA,VERAPAMILO ,Edema periférico,FRECUENTE,TRASTORNOS DEL SISTEMA GENERAL
60724,MANIDON RETARD 180 mg COMPRIMIDOS DE LIBERACION PROLONGADA,VERAPAMILO ,Fatiga,POCO FRECUENTE,TRASTORNOS DEL SISTEMA GENERAL
60724,MANIDON RETARD 180 mg COMPRIMIDOS DE LIBERACION PROLONGADA,VERAPAMILO ,Aumento de las enzimas hepáticas,SIN FRECUENCIA,TRASTORNOS DEL SISTEMA HEPATOBILIAR
60724,MANIDON RETARD 180 mg COMPRIMIDOS DE LIBERACION PROLONGADA,VERAPAMILO ,Hipersensibilidad,SIN FRECUENCIA,TRASTORNOS DEL SISTEMA INMUNOLÓGICO
60724,MANIDON RETARD 180 mg COMPRIMIDOS DE LIBERACION PROLONGADA,VERAPAMILO ,Artralgia,SIN FRECUENCIA,TRASTORNOS DEL SISTEMA MÚSCULO-ESQUELÉTICO
60724,MANIDON RETARD 180 mg COMPRIMIDOS DE LIBERACION PROLONGADA,VERAPAMILO ,Debilidad muscular,SIN FRECUENCIA,TRASTORNOS DEL SISTEMA MÚSCULO-ESQUELÉTICO
60724,MANIDON RETARD 180 mg COMPRIMIDOS DE LIBERACION PROLONGADA,VERAPAMILO ,Mialgia,SIN FRECUENCIA,TRASTORNOS DEL SISTEMA MÚSCULO-ESQUELÉTICO
60724,MANIDON RETARD 180 mg COMPRIMIDOS DE LIBERACION PROLONGADA,VERAPAMILO ,Cefalea,FRECUENTE,TRASTORNOS DEL SISTEMA NERVIOSO
60724,MANIDON RETARD 180 mg COMPRIMIDOS DE LIBERACION PROLONGADA,VERAPAMILO ,Convulsión,SIN FRECUENCIA,TRASTORNOS DEL SISTEMA NERVIOSO
60724,MANIDON RETARD 180 mg COMPRIMIDOS DE LIBERACION PROLONGADA,VERAPAMILO ,Mareos ,FRECUENTE,TRASTORNOS DEL SISTEMA NERVIOSO
60724,MANIDON RETARD 180 mg COMPRIMIDOS DE LIBERACION PROLONGADA,VERAPAMILO ,Parálisis (tetraparesia con el uso de colchicina),SIN FRECUENCIA,TRASTORNOS DEL SISTEMA NERVIOSO
60724,MANIDON RETARD 180 mg COMPRIMIDOS DE LIBERACION PROLONGADA,VERAPAMILO ,Parestesia,NO FRECUENTE,TRASTORNOS DEL SISTEMA NERVIOSO
60724,MANIDON RETARD 180 mg COMPRIMIDOS DE LIBERACION PROLONGADA,VERAPAMILO ,Temblor,NO FRECUENTE,TRASTORNOS DEL SISTEMA NERVIOSO
60724,MANIDON RETARD 180 mg COMPRIMIDOS DE LIBERACION PROLONGADA,VERAPAMILO ,Trastornos extrapiramidales,SIN FRECUENCIA,TRASTORNOS DEL SISTEMA NERVIOSO
60724,MANIDON RETARD 180 mg COMPRIMIDOS DE LIBERACION PROLONGADA,VERAPAMILO ,Disfunción eréctil,SIN FRECUENCIA,TRASTORNOS DEL SISTEMA REPRODUCTOR
60724,MANIDON RETARD 180 mg COMPRIMIDOS DE LIBERACION PROLONGADA,VERAPAMILO ,Galactorrea,SIN FRECUENCIA,TRASTORNOS DEL SISTEMA REPRODUCTOR
60724,MANIDON RETARD 180 mg COMPRIMIDOS DE LIBERACION PROLONGADA,VERAPAMILO ,Ginecomastia,SIN FRECUENCIA,TRASTORNOS DEL SISTEMA REPRODUCTOR
60724,MANIDON RETARD 180 mg COMPRIMIDOS DE LIBERACION PROLONGADA,VERAPAMILO ,Broncoespasmo,SIN FRECUENCIA,TRASTORNOS DEL SISTEMA RESPIRATORIO
60724,MANIDON RETARD 180 mg COMPRIMIDOS DE LIBERACION PROLONGADA,VERAPAMILO ,Disnea,SIN FRECUENCIA,TRASTORNOS DEL SISTEMA RESPIRATORIO
60724,MANIDON RETARD 180 mg COMPRIMIDOS DE LIBERACION PROLONGADA,VERAPAMILO ,Somnolencia,NO FRECUENTE,TRASTORNOS PSIQUIÁTRICOS
61184,ATROVENT MONODOSIS 500 mcg/ 2ml SOLUCION PARA INHALACION POR NEBULIZADOR,IPRATROPIO,Aumento de la frecuencia cardíaca,NO FRECUENTE,EXPLORACIONES COMPLEMENTARIAS
61184,ATROVENT MONODOSIS 500 mcg/ 2ml SOLUCION PARA INHALACION POR NEBULIZADOR,IPRATROPIO,Aumento de la presión intraocular,POCO FRECUENTE,TRASTORNOS DE ÓRGANOS DE LOS SENTIDOS
61184,ATROVENT MONODOSIS 500 mcg/ 2ml SOLUCION PARA INHALACION POR NEBULIZADOR,IPRATROPIO,Dolor ocular,POCO FRECUENTE,TRASTORNOS DE ÓRGANOS DE LOS SENTIDOS
61184,ATROVENT MONODOSIS 500 mcg/ 2ml SOLUCION PARA INHALACION POR NEBULIZADOR,IPRATROPIO,Edema de córnea,POCO FRECUENTE,TRASTORNOS DE ÓRGANOS DE LOS SENTIDOS
61184,ATROVENT MONODOSIS 500 mcg/ 2ml SOLUCION PARA INHALACION POR NEBULIZADOR,IPRATROPIO,Glaucoma,POCO FRECUENTE,TRASTORNOS DE ÓRGANOS DE LOS SENTIDOS
61184,ATROVENT MONODOSIS 500 mcg/ 2ml SOLUCION PARA INHALACION POR NEBULIZADOR,IPRATROPIO,Haalos visuales,POCO FRECUENTE,TRASTORNOS DE ÓRGANOS DE LOS SENTIDOS
61184,ATROVENT MONODOSIS 500 mcg/ 2ml SOLUCION PARA INHALACION POR NEBULIZADOR,IPRATROPIO,Hiperemia conjuntival,POCO FRECUENTE,TRASTORNOS DE ÓRGANOS DE LOS SENTIDOS
61184,ATROVENT MONODOSIS 500 mcg/ 2ml SOLUCION PARA INHALACION POR NEBULIZADOR,IPRATROPIO,Midriasis,POCO FRECUENTE,TRASTORNOS DE ÓRGANOS DE LOS SENTIDOS
61184,ATROVENT MONODOSIS 500 mcg/ 2ml SOLUCION PARA INHALACION POR NEBULIZADOR,IPRATROPIO,Trastorno de la acomodación,NO FRECUENTE,TRASTORNOS DE ÓRGANOS DE LOS SENTIDOS
61184,ATROVENT MONODOSIS 500 mcg/ 2ml SOLUCION PARA INHALACION POR NEBULIZADOR,IPRATROPIO,Visión borrosa,POCO FRECUENTE,TRASTORNOS DE ÓRGANOS DE LOS SENTIDOS
61184,ATROVENT MONODOSIS 500 mcg/ 2ml SOLUCION PARA INHALACION POR NEBULIZADOR,IPRATROPIO,Angioedema,POCO FRECUENTE,TRASTORNOS DE PIEL Y TEJIDOS
61184,ATROVENT MONODOSIS 500 mcg/ 2ml SOLUCION PARA INHALACION POR NEBULIZADOR,IPRATROPIO,Erupción,POCO FRECUENTE,TRASTORNOS DE PIEL Y TEJIDOS
61184,ATROVENT MONODOSIS 500 mcg/ 2ml SOLUCION PARA INHALACION POR NEBULIZADOR,IPRATROPIO,Prurito,POCO FRECUENTE,TRASTORNOS DE PIEL Y TEJIDOS
61184,ATROVENT MONODOSIS 500 mcg/ 2ml SOLUCION PARA INHALACION POR NEBULIZADOR,IPRATROPIO,Urticaria,NO FRECUENTE,TRASTORNOS DE PIEL Y TEJIDOS
61184,ATROVENT MONODOSIS 500 mcg/ 2ml SOLUCION PARA INHALACION POR NEBULIZADOR,IPRATROPIO,Fibrilación auricular,NO FRECUENTE,TRASTORNOS DEL SISTEMA CARDIOVASCULAR
61184,ATROVENT MONODOSIS 500 mcg/ 2ml SOLUCION PARA INHALACION POR NEBULIZADOR,IPRATROPIO,Palpitaciones ,POCO FRECUENTE,TRASTORNOS DEL SISTEMA CARDIOVASCULAR
61184,ATROVENT MONODOSIS 500 mcg/ 2ml SOLUCION PARA INHALACION POR NEBULIZADOR,IPRATROPIO,Taquicardia supraventricular,POCO FRECUENTE,TRASTORNOS DEL SISTEMA CARDIOVASCULAR
61184,ATROVENT MONODOSIS 500 mcg/ 2ml SOLUCION PARA INHALACION POR NEBULIZADOR,IPRATROPIO,Diarrea,POCO FRECUENTE,TRASTORNOS DEL SISTEMA DIGESTIVO
61184,ATROVENT MONODOSIS 500 mcg/ 2ml SOLUCION PARA INHALACION POR NEBULIZADOR,IPRATROPIO,Edema bucal,POCO FRECUENTE,TRASTORNOS DEL SISTEMA DIGESTIVO
61184,ATROVENT MONODOSIS 500 mcg/ 2ml SOLUCION PARA INHALACION POR NEBULIZADOR,IPRATROPIO,Estomatitis,POCO FRECUENTE,TRASTORNOS DEL SISTEMA DIGESTIVO
61184,ATROVENT MONODOSIS 500 mcg/ 2ml SOLUCION PARA INHALACION POR NEBULIZADOR,IPRATROPIO,Estreñimiento,POCO FRECUENTE,TRASTORNOS DEL SISTEMA DIGESTIVO
61184,ATROVENT MONODOSIS 500 mcg/ 2ml SOLUCION PARA INHALACION POR NEBULIZADOR,IPRATROPIO,Náuseas,FRECUENTE,TRASTORNOS DEL SISTEMA DIGESTIVO
61184,ATROVENT MONODOSIS 500 mcg/ 2ml SOLUCION PARA INHALACION POR NEBULIZADOR,IPRATROPIO,Sequedad de boca,FRECUENTE,TRASTORNOS DEL SISTEMA DIGESTIVO
61184,ATROVENT MONODOSIS 500 mcg/ 2ml SOLUCION PARA INHALACION POR NEBULIZADOR,IPRATROPIO,Trastornos de la motilidad gastrointestinal,FRECUENTE,TRASTORNOS DEL SISTEMA DIGESTIVO
61184,ATROVENT MONODOSIS 500 mcg/ 2ml SOLUCION PARA INHALACION POR NEBULIZADOR,IPRATROPIO,Vómitos,POCO FRECUENTE,TRASTORNOS DEL SISTEMA DIGESTIVO
61184,ATROVENT MONODOSIS 500 mcg/ 2ml SOLUCION PARA INHALACION POR NEBULIZADOR,IPRATROPIO,Retención urinaria,POCO FRECUENTE,TRASTORNOS DEL SISTEMA EXCRETOR
61184,ATROVENT MONODOSIS 500 mcg/ 2ml SOLUCION PARA INHALACION POR NEBULIZADOR,IPRATROPIO,Hipersensibilidad ,POCO FRECUENTE,TRASTORNOS DEL SISTEMA INMUNOLÓGICO
61184,ATROVENT MONODOSIS 500 mcg/ 2ml SOLUCION PARA INHALACION POR NEBULIZADOR,IPRATROPIO,Reacción anafiláctica,POCO FRECUENTE,TRASTORNOS DEL SISTEMA INMUNOLÓGICO
61184,ATROVENT MONODOSIS 500 mcg/ 2ml SOLUCION PARA INHALACION POR NEBULIZADOR,IPRATROPIO,Dolor de cabeza,FRECUENTE,TRASTORNOS DEL SISTEMA NERVIOSO
61184,ATROVENT MONODOSIS 500 mcg/ 2ml SOLUCION PARA INHALACION POR NEBULIZADOR,IPRATROPIO,Mareo,FRECUENTE,TRASTORNOS DEL SISTEMA NERVIOSO
61184,ATROVENT MONODOSIS 500 mcg/ 2ml SOLUCION PARA INHALACION POR NEBULIZADOR,IPRATROPIO,Broncoespasmo,NO FRECUENTE,TRASTORNOS DEL SISTEMA RESPIRATORIO
61184,ATROVENT MONODOSIS 500 mcg/ 2ml SOLUCION PARA INHALACION POR NEBULIZADOR,IPRATROPIO,Broncoespasmo paradójico,NO FRECUENTE,TRASTORNOS DEL SISTEMA RESPIRATORIO
61184,ATROVENT MONODOSIS 500 mcg/ 2ml SOLUCION PARA INHALACION POR NEBULIZADOR,IPRATROPIO,Edema faríngeo ,NO FRECUENTE,TRASTORNOS DEL SISTEMA RESPIRATORIO
61184,ATROVENT MONODOSIS 500 mcg/ 2ml SOLUCION PARA INHALACION POR NEBULIZADOR,IPRATROPIO,Irritación de garganta,FRECUENTE,TRASTORNOS DEL SISTEMA RESPIRATORIO
61184,ATROVENT MONODOSIS 500 mcg/ 2ml SOLUCION PARA INHALACION POR NEBULIZADOR,IPRATROPIO,Laringoespasmo,NO FRECUENTE,TRASTORNOS DEL SISTEMA RESPIRATORIO
61184,ATROVENT MONODOSIS 500 mcg/ 2ml SOLUCION PARA INHALACION POR NEBULIZADOR,IPRATROPIO,Sequedad de garganta,NO FRECUENTE,TRASTORNOS DEL SISTEMA RESPIRATORIO
61184,ATROVENT MONODOSIS 500 mcg/ 2ml SOLUCION PARA INHALACION POR NEBULIZADOR,IPRATROPIO,Tos ,FRECUENTE,TRASTORNOS DEL SISTEMA RESPIRATORIO
62422,METASEDIN 30 mg COMPRIMIDOS,METADONA,Aumento de peso,FRECUENTE,EXPLORACIONES COMPLEMENTARIAS
62422,METASEDIN 30 mg COMPRIMIDOS,METADONA,Trombocitopenia reversible en pacientes dependientes de opioides con hepatitis crónica,SIN FRECUENCIA,TRASTORNOS DE LA SANGRE Y ÓRGANOS HEMATOPOYÉTICOS
62422,METASEDIN 30 mg COMPRIMIDOS,METADONA,Agudeza visual reducida,SIN FRECUENCIA,TRASTORNOS DE ÓRGANOS DE LOS SENTIDOS
62422,METASEDIN 30 mg COMPRIMIDOS,METADONA,Estrabismo,SIN FRECUENCIA,TRASTORNOS DE ÓRGANOS DE LOS SENTIDOS
62422,METASEDIN 30 mg COMPRIMIDOS,METADONA,Miosis,FRECUENTE,TRASTORNOS DE ÓRGANOS DE LOS SENTIDOS
62422,METASEDIN 30 mg COMPRIMIDOS,METADONA,Nistagmo,SIN FRECUENCIA,TRASTORNOS DE ÓRGANOS DE LOS SENTIDOS
62422,METASEDIN 30 mg COMPRIMIDOS,METADONA,Ojos secos,SIN FRECUENCIA,TRASTORNOS DE ÓRGANOS DE LOS SENTIDOS
62422,METASEDIN 30 mg COMPRIMIDOS,METADONA,Vértigo,FRECUENTE,TRASTORNOS DE ÓRGANOS DE LOS SENTIDOS
62422,METASEDIN 30 mg COMPRIMIDOS,METADONA,Visión borrosa,FRECUENTE,TRASTORNOS DE ÓRGANOS DE LOS SENTIDOS
62422,METASEDIN 30 mg COMPRIMIDOS,METADONA,Erupción cutánea transitoria,FRECUENTE,TRASTORNOS DE PIEL Y TEJIDOS
62422,METASEDIN 30 mg COMPRIMIDOS,METADONA,Hiperhidrosis,FRECUENTE,TRASTORNOS DE PIEL Y TEJIDOS
62422,METASEDIN 30 mg COMPRIMIDOS,METADONA,Otras erupciones,POCO FRECUENTE,TRASTORNOS DE PIEL Y TEJIDOS
62422,METASEDIN 30 mg COMPRIMIDOS,METADONA,Prurito,POCO FRECUENTE,TRASTORNOS DE PIEL Y TEJIDOS
62422,METASEDIN 30 mg COMPRIMIDOS,METADONA,Urticaria,POCO FRECUENTE,TRASTORNOS DE PIEL Y TEJIDOS
62422,METASEDIN 30 mg COMPRIMIDOS,METADONA,Anorexia,SIN FRECUENCIA,TRASTORNOS DEL METABOLISMO Y LA NUTRICIÓN
62422,METASEDIN 30 mg COMPRIMIDOS,METADONA,Hipocalemia,SIN FRECUENCIA,TRASTORNOS DEL METABOLISMO Y LA NUTRICIÓN
62422,METASEDIN 30 mg COMPRIMIDOS,METADONA,Hipoglucemia,SIN FRECUENCIA,TRASTORNOS DEL METABOLISMO Y LA NUTRICIÓN
62422,METASEDIN 30 mg COMPRIMIDOS,METADONA,Hipomagnesemia,SIN FRECUENCIA,TRASTORNOS DEL METABOLISMO Y LA NUTRICIÓN
62422,METASEDIN 30 mg COMPRIMIDOS,METADONA,Retención de líquidos,FRECUENTE,TRASTORNOS DEL METABOLISMO Y LA NUTRICIÓN
62422,METASEDIN 30 mg COMPRIMIDOS,METADONA,Bradicardia,NO FRECUENTE,TRASTORNOS DEL SISTEMA CARDIOVASCULAR
62422,METASEDIN 30 mg COMPRIMIDOS,METADONA,Hipotensión,POCO FRECUENTE,TRASTORNOS DEL SISTEMA CARDIOVASCULAR
62422,METASEDIN 30 mg COMPRIMIDOS,METADONA,Palpitaciones,NO FRECUENTE,TRASTORNOS DEL SISTEMA CARDIOVASCULAR
62422,METASEDIN 30 mg COMPRIMIDOS,METADONA,Parada cardíaca,NO FRECUENTE,TRASTORNOS DEL SISTEMA CARDIOVASCULAR
62422,METASEDIN 30 mg COMPRIMIDOS,METADONA,Prolongación del intérvalo QT,NO FRECUENTE,TRASTORNOS DEL SISTEMA CARDIOVASCULAR
62422,METASEDIN 30 mg COMPRIMIDOS,METADONA,Rubor facial,POCO FRECUENTE,TRASTORNOS DEL SISTEMA CARDIOVASCULAR
62422,METASEDIN 30 mg COMPRIMIDOS,METADONA,Shock,NO FRECUENTE,TRASTORNOS DEL SISTEMA CARDIOVASCULAR
62422,METASEDIN 30 mg COMPRIMIDOS,METADONA,Torsade de pointes,NO FRECUENTE,TRASTORNOS DEL SISTEMA CARDIOVASCULAR
62422,METASEDIN 30 mg COMPRIMIDOS,METADONA,Boca seca,POCO FRECUENTE,TRASTORNOS DEL SISTEMA DIGESTIVO
62422,METASEDIN 30 mg COMPRIMIDOS,METADONA,Estreñimiento,FRECUENTE,TRASTORNOS DEL SISTEMA DIGESTIVO
62422,METASEDIN 30 mg COMPRIMIDOS,METADONA,Glositis,POCO FRECUENTE,TRASTORNOS DEL SISTEMA DIGESTIVO
62422,METASEDIN 30 mg COMPRIMIDOS,METADONA,Náuseas,MUY FRECUENTE,TRASTORNOS DEL SISTEMA DIGESTIVO
62422,METASEDIN 30 mg COMPRIMIDOS,METADONA,Vómitos,MUY FRECUENTE,TRASTORNOS DEL SISTEMA DIGESTIVO
62422,METASEDIN 30 mg COMPRIMIDOS,METADONA,Hipoadrenalismo,SIN FRECUENCIA,TRASTORNOS DEL SISTEMA ENDOCRINO
62422,METASEDIN 30 mg COMPRIMIDOS,METADONA,Hipogonadismo,SIN FRECUENCIA,TRASTORNOS DEL SISTEMA ENDOCRINO
62422,METASEDIN 30 mg COMPRIMIDOS,METADONA,Niveles elevados de prolactina con administración a largo plazo,SIN FRECUENCIA,TRASTORNOS DEL SISTEMA ENDOCRINO
62422,METASEDIN 30 mg COMPRIMIDOS,METADONA,Efecto antidiurético,POCO FRECUENTE,TRASTORNOS DEL SISTEMA EXCRETOR
62422,METASEDIN 30 mg COMPRIMIDOS,METADONA,Retención urinaria,POCO FRECUENTE,TRASTORNOS DEL SISTEMA EXCRETOR
62422,METASEDIN 30 mg COMPRIMIDOS,METADONA,Astenia,POCO FRECUENTE,TRASTORNOS DEL SISTEMA GENERAL
62422,METASEDIN 30 mg COMPRIMIDOS,METADONA,Edema,POCO FRECUENTE,TRASTORNOS DEL SISTEMA GENERAL
62422,METASEDIN 30 mg COMPRIMIDOS,METADONA,Edema de las extremidades inferiores,POCO FRECUENTE,TRASTORNOS DEL SISTEMA GENERAL
62422,METASEDIN 30 mg COMPRIMIDOS,METADONA,Fatiga,FRECUENTE,TRASTORNOS DEL SISTEMA GENERAL
62422,METASEDIN 30 mg COMPRIMIDOS,METADONA,Hipotermia,POCO FRECUENTE,TRASTORNOS DEL SISTEMA GENERAL
62422,METASEDIN 30 mg COMPRIMIDOS,METADONA,Somnolencia,FRECUENTE,TRASTORNOS DEL SISTEMA GENERAL
62422,METASEDIN 30 mg COMPRIMIDOS,METADONA,Discinesia del conducto biliar,POCO FRECUENTE,TRASTORNOS DEL SISTEMA HEPATOBILIAR
62422,METASEDIN 30 mg COMPRIMIDOS,METADONA,Aumenro de la presión intracraneal,SIN FRECUENCIA,TRASTORNOS DEL SISTEMA NERVIOSO
62422,METASEDIN 30 mg COMPRIMIDOS,METADONA,Dolor de cabeza,POCO FRECUENTE,TRASTORNOS DEL SISTEMA NERVIOSO
62422,METASEDIN 30 mg COMPRIMIDOS,METADONA,Mareos ,FRECUENTE,TRASTORNOS DEL SISTEMA NERVIOSO
62422,METASEDIN 30 mg COMPRIMIDOS,METADONA,Sedación ,FRECUENTE,TRASTORNOS DEL SISTEMA NERVIOSO
62422,METASEDIN 30 mg COMPRIMIDOS,METADONA,Síncope,POCO FRECUENTE,TRASTORNOS DEL SISTEMA NERVIOSO
62422,METASEDIN 30 mg COMPRIMIDOS,METADONA,Ammenorrea,POCO FRECUENTE,TRASTORNOS DEL SISTEMA REPRODUCTOR
62422,METASEDIN 30 mg COMPRIMIDOS,METADONA,Dismenorrea,POCO FRECUENTE,TRASTORNOS DEL SISTEMA REPRODUCTOR
62422,METASEDIN 30 mg COMPRIMIDOS,METADONA,Disminución de la potencia sexual,POCO FRECUENTE,TRASTORNOS DEL SISTEMA REPRODUCTOR
62422,METASEDIN 30 mg COMPRIMIDOS,METADONA,Galactorrea,POCO FRECUENTE,TRASTORNOS DEL SISTEMA REPRODUCTOR
62422,METASEDIN 30 mg COMPRIMIDOS,METADONA,Depresión respiratoria,POCO FRECUENTE,TRASTORNOS DEL SISTEMA RESPIRATORIO
62422,METASEDIN 30 mg COMPRIMIDOS,METADONA,Edema pulmonar,POCO FRECUENTE,TRASTORNOS DEL SISTEMA RESPIRATORIO
62422,METASEDIN 30 mg COMPRIMIDOS,METADONA,Exacerbación del asma,POCO FRECUENTE,TRASTORNOS DEL SISTEMA RESPIRATORIO
62422,METASEDIN 30 mg COMPRIMIDOS,METADONA,Parada respiratoria,NO FRECUENTE,TRASTORNOS DEL SISTEMA RESPIRATORIO
62422,METASEDIN 30 mg COMPRIMIDOS,METADONA,Sequedad nasal,POCO FRECUENTE,TRASTORNOS DEL SISTEMA RESPIRATORIO
62422,METASEDIN 30 mg COMPRIMIDOS,METADONA,Síndrome de apnea central del sueño,SIN FRECUENCIA,TRASTORNOS DEL SISTEMA RESPIRATORIO
62422,METASEDIN 30 mg COMPRIMIDOS,METADONA,Agitación,POCO FRECUENTE,TRASTORNOS PSIQUIÁTRICOS
62422,METASEDIN 30 mg COMPRIMIDOS,METADONA,Alucinaciones,FRECUENTE,TRASTORNOS PSIQUIÁTRICOS
62422,METASEDIN 30 mg COMPRIMIDOS,METADONA,Confusión,POCO FRECUENTE,TRASTORNOS PSIQUIÁTRICOS
62422,METASEDIN 30 mg COMPRIMIDOS,METADONA,Desorientación,POCO FRECUENTE,TRASTORNOS PSIQUIÁTRICOS
62422,METASEDIN 30 mg COMPRIMIDOS,METADONA,Disforia,POCO FRECUENTE,TRASTORNOS PSIQUIÁTRICOS
62422,METASEDIN 30 mg COMPRIMIDOS,METADONA,Disminución de la líbido,POCO FRECUENTE,TRASTORNOS PSIQUIÁTRICOS
62422,METASEDIN 30 mg COMPRIMIDOS,METADONA,Euforia,FRECUENTE,TRASTORNOS PSIQUIÁTRICOS
62422,METASEDIN 30 mg COMPRIMIDOS,METADONA,Farmacodependencia,POCO FRECUENTE,TRASTORNOS PSIQUIÁTRICOS
62422,METASEDIN 30 mg COMPRIMIDOS,METADONA,Insomnio,POCO FRECUENTE,TRASTORNOS PSIQUIÁTRICOS
62825,ADIRO 100 MG COMPRIMIDOS GASTRORRESISTENTES EFG,ACETILSALICILICO ACIDO,Anemia ferropénica,POCO FRECUENTE,TRASTORNOS DE LA SANGRE Y ÓRGANOS HEMATOPOYÉTICOS
62825,ADIRO 100 MG COMPRIMIDOS GASTRORRESISTENTES EFG,ACETILSALICILICO ACIDO,Anemia hemolítica,SIN FRECUENCIA,TRASTORNOS DE LA SANGRE Y ÓRGANOS HEMATOPOYÉTICOS
62825,ADIRO 100 MG COMPRIMIDOS GASTRORRESISTENTES EFG,ACETILSALICILICO ACIDO,Anemia hemorrágica,NO FRECUENTE,TRASTORNOS DE LA SANGRE Y ÓRGANOS HEMATOPOYÉTICOS
62825,ADIRO 100 MG COMPRIMIDOS GASTRORRESISTENTES EFG,ACETILSALICILICO ACIDO,Hemólisis,SIN FRECUENCIA,TRASTORNOS DE LA SANGRE Y ÓRGANOS HEMATOPOYÉTICOS
62825,ADIRO 100 MG COMPRIMIDOS GASTRORRESISTENTES EFG,ACETILSALICILICO ACIDO,Hipotrombinemia ,FRECUENTE,TRASTORNOS DE LA SANGRE Y ÓRGANOS HEMATOPOYÉTICOS
62825,ADIRO 100 MG COMPRIMIDOS GASTRORRESISTENTES EFG,ACETILSALICILICO ACIDO,Tinnitus,FRECUENTE,TRASTORNOS DE ÓRGANOS DE LOS SENTIDOS
62825,ADIRO 100 MG COMPRIMIDOS GASTRORRESISTENTES EFG,ACETILSALICILICO ACIDO,Erupción cutánea,FRECUENTE,TRASTORNOS DE PIEL Y TEJIDOS
62825,ADIRO 100 MG COMPRIMIDOS GASTRORRESISTENTES EFG,ACETILSALICILICO ACIDO,Prurito,FRECUENTE,TRASTORNOS DE PIEL Y TEJIDOS
62825,ADIRO 100 MG COMPRIMIDOS GASTRORRESISTENTES EFG,ACETILSALICILICO ACIDO,Urticaria,POCO FRECUENTE,TRASTORNOS DE PIEL Y TEJIDOS
62825,ADIRO 100 MG COMPRIMIDOS GASTRORRESISTENTES EFG,ACETILSALICILICO ACIDO,Distrés cardiorrespiratorio,SIN FRECUENCIA,TRASTORNOS DEL SISTEMA CARDIOVASCULAR
62825,ADIRO 100 MG COMPRIMIDOS GASTRORRESISTENTES EFG,ACETILSALICILICO ACIDO,Hematoma,POCO FRECUENTE,TRASTORNOS DEL SISTEMA CARDIOVASCULAR
62825,ADIRO 100 MG COMPRIMIDOS GASTRORRESISTENTES EFG,ACETILSALICILICO ACIDO,Hemorragia,NO FRECUENTE,TRASTORNOS DEL SISTEMA CARDIOVASCULAR
62825,ADIRO 100 MG COMPRIMIDOS GASTRORRESISTENTES EFG,ACETILSALICILICO ACIDO,Hemorragia muscular,NO FRECUENTE,TRASTORNOS DEL SISTEMA CARDIOVASCULAR
62825,ADIRO 100 MG COMPRIMIDOS GASTRORRESISTENTES EFG,ACETILSALICILICO ACIDO,Hemorragia procedimental,SIN FRECUENCIA,TRASTORNOS DEL SISTEMA CARDIOVASCULAR
62825,ADIRO 100 MG COMPRIMIDOS GASTRORRESISTENTES EFG,ACETILSALICILICO ACIDO,Dispepsia,FRECUENTE,TRASTORNOS DEL SISTEMA DIGESTIVO
62825,ADIRO 100 MG COMPRIMIDOS GASTRORRESISTENTES EFG,ACETILSALICILICO ACIDO,Dolor gastrointestinal y abdominal,FRECUENTE,TRASTORNOS DEL SISTEMA DIGESTIVO
62825,ADIRO 100 MG COMPRIMIDOS GASTRORRESISTENTES EFG,ACETILSALICILICO ACIDO,Enfermedad diafragmática intestinal,SIN FRECUENCIA,TRASTORNOS DEL SISTEMA DIGESTIVO
62825,ADIRO 100 MG COMPRIMIDOS GASTRORRESISTENTES EFG,ACETILSALICILICO ACIDO,Erosión gastrointestinal y úlcera,POCO FRECUENTE,TRASTORNOS DEL SISTEMA DIGESTIVO
62825,ADIRO 100 MG COMPRIMIDOS GASTRORRESISTENTES EFG,ACETILSALICILICO ACIDO,Hemorragia del tracto gastrointestinal,FRECUENTE,TRASTORNOS DEL SISTEMA DIGESTIVO
62825,ADIRO 100 MG COMPRIMIDOS GASTRORRESISTENTES EFG,ACETILSALICILICO ACIDO,Hepatitis ,POCO FRECUENTE,TRASTORNOS DEL SISTEMA DIGESTIVO
62825,ADIRO 100 MG COMPRIMIDOS GASTRORRESISTENTES EFG,ACETILSALICILICO ACIDO,Incremento de transaminasas,NO FRECUENTE,TRASTORNOS DEL SISTEMA DIGESTIVO
62825,ADIRO 100 MG COMPRIMIDOS GASTRORRESISTENTES EFG,ACETILSALICILICO ACIDO,Inflamación gastrointestinal,FRECUENTE,TRASTORNOS DEL SISTEMA DIGESTIVO
62825,ADIRO 100 MG COMPRIMIDOS GASTRORRESISTENTES EFG,ACETILSALICILICO ACIDO,Insuficiencia hepática,POCO FRECUENTE,TRASTORNOS DEL SISTEMA DIGESTIVO
62825,ADIRO 100 MG COMPRIMIDOS GASTRORRESISTENTES EFG,ACETILSALICILICO ACIDO,Perforación de úlcera gastrointestinal,NO FRECUENTE,TRASTORNOS DEL SISTEMA DIGESTIVO
62825,ADIRO 100 MG COMPRIMIDOS GASTRORRESISTENTES EFG,ACETILSALICILICO ACIDO,Sangrado gingival,POCO FRECUENTE,TRASTORNOS DEL SISTEMA DIGESTIVO
62825,ADIRO 100 MG COMPRIMIDOS GASTRORRESISTENTES EFG,ACETILSALICILICO ACIDO,Fallo renal agudo,NO FRECUENTE,TRASTORNOS DEL SISTEMA EXCRETOR
62825,ADIRO 100 MG COMPRIMIDOS GASTRORRESISTENTES EFG,ACETILSALICILICO ACIDO,Hemorragia del tracto urogenital,FRECUENTE,TRASTORNOS DEL SISTEMA EXCRETOR
62825,ADIRO 100 MG COMPRIMIDOS GASTRORRESISTENTES EFG,ACETILSALICILICO ACIDO,Insuficiencia renal,NO FRECUENTE,TRASTORNOS DEL SISTEMA EXCRETOR
62825,ADIRO 100 MG COMPRIMIDOS GASTRORRESISTENTES EFG,ACETILSALICILICO ACIDO,Síndrome de Reye ,POCO FRECUENTE,TRASTORNOS DEL SISTEMA GENERAL
62825,ADIRO 100 MG COMPRIMIDOS GASTRORRESISTENTES EFG,ACETILSALICILICO ACIDO,Sobredosis,FRECUENTE,TRASTORNOS DEL SISTEMA GENERAL
62825,ADIRO 100 MG COMPRIMIDOS GASTRORRESISTENTES EFG,ACETILSALICILICO ACIDO,Edema alérgico y angioedema,POCO FRECUENTE,TRASTORNOS DEL SISTEMA INMUNOLÓGICO
62825,ADIRO 100 MG COMPRIMIDOS GASTRORRESISTENTES EFG,ACETILSALICILICO ACIDO,Hipersensibilidad,POCO FRECUENTE,TRASTORNOS DEL SISTEMA INMUNOLÓGICO
62825,ADIRO 100 MG COMPRIMIDOS GASTRORRESISTENTES EFG,ACETILSALICILICO ACIDO,Hipersensibilidad inducida por fármacos,POCO FRECUENTE,TRASTORNOS DEL SISTEMA INMUNOLÓGICO
62825,ADIRO 100 MG COMPRIMIDOS GASTRORRESISTENTES EFG,ACETILSALICILICO ACIDO,Reacción anafiláctica,NO FRECUENTE,TRASTORNOS DEL SISTEMA INMUNOLÓGICO
62825,ADIRO 100 MG COMPRIMIDOS GASTRORRESISTENTES EFG,ACETILSALICILICO ACIDO,Shock anafiláctico,SIN FRECUENCIA,TRASTORNOS DEL SISTEMA INMUNOLÓGICO
62825,ADIRO 100 MG COMPRIMIDOS GASTRORRESISTENTES EFG,ACETILSALICILICO ACIDO,Hemorragia cerebral e intracraneal,POCO FRECUENTE,TRASTORNOS DEL SISTEMA NERVIOSO
62825,ADIRO 100 MG COMPRIMIDOS GASTRORRESISTENTES EFG,ACETILSALICILICO ACIDO,Mareo,FRECUENTE,TRASTORNOS DEL SISTEMA NERVIOSO
62825,ADIRO 100 MG COMPRIMIDOS GASTRORRESISTENTES EFG,ACETILSALICILICO ACIDO,Congestión nasal,POCO FRECUENTE,TRASTORNOS DEL SISTEMA RESPIRATORIO
62825,ADIRO 100 MG COMPRIMIDOS GASTRORRESISTENTES EFG,ACETILSALICILICO ACIDO,Enfermedad respiratoria exacerbada por ácido acetilsalicílico (EREA),SIN FRECUENCIA,TRASTORNOS DEL SISTEMA RESPIRATORIO
62825,ADIRO 100 MG COMPRIMIDOS GASTRORRESISTENTES EFG,ACETILSALICILICO ACIDO,Epixtasis,FRECUENTE,TRASTORNOS DEL SISTEMA RESPIRATORIO
62825,ADIRO 100 MG COMPRIMIDOS GASTRORRESISTENTES EFG,ACETILSALICILICO ACIDO,Rinitis,FRECUENTE,TRASTORNOS DEL SISTEMA RESPIRATORIO
65044,SYMBICORT FORTE TURBUHALER 320 microgramos/9 microgramos/INHALACION POLVO PARA INHALACION,NO_ESPECIFICADO,Candidiasis orofaríngea,FRECUENTE,INFECCIONES E INFESTACIONES
65044,SYMBICORT FORTE TURBUHALER 320 microgramos/9 microgramos/INHALACION POLVO PARA INHALACION,NO_ESPECIFICADO,Neumonía (en pacientes con EPOC),FRECUENTE,INFECCIONES E INFESTACIONES
65044,SYMBICORT FORTE TURBUHALER 320 microgramos/9 microgramos/INHALACION POLVO PARA INHALACION,NO_ESPECIFICADO,Alteraciones del gusto,NO FRECUENTE,TRASTORNOS DE ÓRGANOS DE LOS SENTIDOS
65044,SYMBICORT FORTE TURBUHALER 320 microgramos/9 microgramos/INHALACION POLVO PARA INHALACION,NO_ESPECIFICADO,Cataratas y glaucoma,NO FRECUENTE,TRASTORNOS DE ÓRGANOS DE LOS SENTIDOS
65044,SYMBICORT FORTE TURBUHALER 320 microgramos/9 microgramos/INHALACION POLVO PARA INHALACION,NO_ESPECIFICADO,Visión borrosa,POCO FRECUENTE,TRASTORNOS DE ÓRGANOS DE LOS SENTIDOS
65044,SYMBICORT FORTE TURBUHALER 320 microgramos/9 microgramos/INHALACION POLVO PARA INHALACION,NO_ESPECIFICADO,Hematomas,POCO FRECUENTE,TRASTORNOS DE PIEL Y TEJIDOS
65044,SYMBICORT FORTE TURBUHALER 320 microgramos/9 microgramos/INHALACION POLVO PARA INHALACION,NO_ESPECIFICADO,Hiperglucemia,NO FRECUENTE,TRASTORNOS DEL METABOLISMO Y LA NUTRICIÓN
65044,SYMBICORT FORTE TURBUHALER 320 microgramos/9 microgramos/INHALACION POLVO PARA INHALACION,NO_ESPECIFICADO,Hipocalemia,NO FRECUENTE,TRASTORNOS DEL METABOLISMO Y LA NUTRICIÓN
65044,SYMBICORT FORTE TURBUHALER 320 microgramos/9 microgramos/INHALACION POLVO PARA INHALACION,NO_ESPECIFICADO,Angina de pecho,NO FRECUENTE,TRASTORNOS DEL SISTEMA CARDIOVASCULAR
65044,SYMBICORT FORTE TURBUHALER 320 microgramos/9 microgramos/INHALACION POLVO PARA INHALACION,NO_ESPECIFICADO,Arritmias cardíacas,NO FRECUENTE,TRASTORNOS DEL SISTEMA CARDIOVASCULAR
65044,SYMBICORT FORTE TURBUHALER 320 microgramos/9 microgramos/INHALACION POLVO PARA INHALACION,NO_ESPECIFICADO,Palpitaciones,FRECUENTE,TRASTORNOS DEL SISTEMA CARDIOVASCULAR
65044,SYMBICORT FORTE TURBUHALER 320 microgramos/9 microgramos/INHALACION POLVO PARA INHALACION,NO_ESPECIFICADO,prolongación del intervalo QTc,NO FRECUENTE,TRASTORNOS DEL SISTEMA CARDIOVASCULAR
65044,SYMBICORT FORTE TURBUHALER 320 microgramos/9 microgramos/INHALACION POLVO PARA INHALACION,NO_ESPECIFICADO,Taquicardia,POCO FRECUENTE,TRASTORNOS DEL SISTEMA CARDIOVASCULAR
65044,SYMBICORT FORTE TURBUHALER 320 microgramos/9 microgramos/INHALACION POLVO PARA INHALACION,NO_ESPECIFICADO,Variaciones en la presión arterial,NO FRECUENTE,TRASTORNOS DEL SISTEMA CARDIOVASCULAR
65044,SYMBICORT FORTE TURBUHALER 320 microgramos/9 microgramos/INHALACION POLVO PARA INHALACION,NO_ESPECIFICADO,Náuseas,POCO FRECUENTE,TRASTORNOS DEL SISTEMA DIGESTIVO
65044,SYMBICORT FORTE TURBUHALER 320 microgramos/9 microgramos/INHALACION POLVO PARA INHALACION,NO_ESPECIFICADO,disminución de la densidad mineral ósea,NO FRECUENTE,TRASTORNOS DEL SISTEMA ENDOCRINO
65044,SYMBICORT FORTE TURBUHALER 320 microgramos/9 microgramos/INHALACION POLVO PARA INHALACION,NO_ESPECIFICADO,retraso del crecimiento,NO FRECUENTE,TRASTORNOS DEL SISTEMA ENDOCRINO
65044,SYMBICORT FORTE TURBUHALER 320 microgramos/9 microgramos/INHALACION POLVO PARA INHALACION,NO_ESPECIFICADO,Síndrome de Cushing,NO FRECUENTE,TRASTORNOS DEL SISTEMA ENDOCRINO
65044,SYMBICORT FORTE TURBUHALER 320 microgramos/9 microgramos/INHALACION POLVO PARA INHALACION,NO_ESPECIFICADO,supresión adrenal,NO FRECUENTE,TRASTORNOS DEL SISTEMA ENDOCRINO
65044,SYMBICORT FORTE TURBUHALER 320 microgramos/9 microgramos/INHALACION POLVO PARA INHALACION,NO_ESPECIFICADO,exantema,NO FRECUENTE,TRASTORNOS DEL SISTEMA INMUNOLÓGICO
65044,SYMBICORT FORTE TURBUHALER 320 microgramos/9 microgramos/INHALACION POLVO PARA INHALACION,NO_ESPECIFICADO,dermatitis,NO FRECUENTE,TRASTORNOS DEL SISTEMA INMUNOLÓGICO
65044,SYMBICORT FORTE TURBUHALER 320 microgramos/9 microgramos/INHALACION POLVO PARA INHALACION,NO_ESPECIFICADO,Reacciones de hipersensibilidad inmediata y retardada,NO FRECUENTE,TRASTORNOS DEL SISTEMA INMUNOLÓGICO
65044,SYMBICORT FORTE TURBUHALER 320 microgramos/9 microgramos/INHALACION POLVO PARA INHALACION,NO_ESPECIFICADO,angioedema,NO FRECUENTE,TRASTORNOS DEL SISTEMA INMUNOLÓGICO
65044,SYMBICORT FORTE TURBUHALER 320 microgramos/9 microgramos/INHALACION POLVO PARA INHALACION,NO_ESPECIFICADO,reacción anafiláctica,NO FRECUENTE,TRASTORNOS DEL SISTEMA INMUNOLÓGICO
65044,SYMBICORT FORTE TURBUHALER 320 microgramos/9 microgramos/INHALACION POLVO PARA INHALACION,NO_ESPECIFICADO,urticaria,NO FRECUENTE,TRASTORNOS DEL SISTEMA INMUNOLÓGICO
65044,SYMBICORT FORTE TURBUHALER 320 microgramos/9 microgramos/INHALACION POLVO PARA INHALACION,NO_ESPECIFICADO,prurito,NO FRECUENTE,TRASTORNOS DEL SISTEMA INMUNOLÓGICO
65044,SYMBICORT FORTE TURBUHALER 320 microgramos/9 microgramos/INHALACION POLVO PARA INHALACION,NO_ESPECIFICADO,Calambres musculares,POCO FRECUENTE,TRASTORNOS DEL SISTEMA MÚSCULO-ESQUELÉTICO
65044,SYMBICORT FORTE TURBUHALER 320 microgramos/9 microgramos/INHALACION POLVO PARA INHALACION,NO_ESPECIFICADO,Cefalea,FRECUENTE,TRASTORNOS DEL SISTEMA NERVIOSO
65044,SYMBICORT FORTE TURBUHALER 320 microgramos/9 microgramos/INHALACION POLVO PARA INHALACION,NO_ESPECIFICADO,Mareo,POCO FRECUENTE,TRASTORNOS DEL SISTEMA NERVIOSO
65044,SYMBICORT FORTE TURBUHALER 320 microgramos/9 microgramos/INHALACION POLVO PARA INHALACION,NO_ESPECIFICADO,temblor,FRECUENTE,TRASTORNOS DEL SISTEMA NERVIOSO
65044,SYMBICORT FORTE TURBUHALER 320 microgramos/9 microgramos/INHALACION POLVO PARA INHALACION,NO_ESPECIFICADO,broncoespasmo,NO FRECUENTE,TRASTORNOS DEL SISTEMA RESPIRATORIO
65044,SYMBICORT FORTE TURBUHALER 320 microgramos/9 microgramos/INHALACION POLVO PARA INHALACION,NO_ESPECIFICADO,disfonía incluida ronquera,FRECUENTE,TRASTORNOS DEL SISTEMA RESPIRATORIO
65044,SYMBICORT FORTE TURBUHALER 320 microgramos/9 microgramos/INHALACION POLVO PARA INHALACION,NO_ESPECIFICADO,Irritación leve de garganta,FRECUENTE,TRASTORNOS DEL SISTEMA RESPIRATORIO
65044,SYMBICORT FORTE TURBUHALER 320 microgramos/9 microgramos/INHALACION POLVO PARA INHALACION,NO_ESPECIFICADO,Tos,FRECUENTE,TRASTORNOS DEL SISTEMA RESPIRATORIO
65044,SYMBICORT FORTE TURBUHALER 320 microgramos/9 microgramos/INHALACION POLVO PARA INHALACION,NO_ESPECIFICADO,Agresividad,POCO FRECUENTE,TRASTORNOS PSIQUIÁTRICOS
65044,SYMBICORT FORTE TURBUHALER 320 microgramos/9 microgramos/INHALACION POLVO PARA INHALACION,NO_ESPECIFICADO,alteraciones del comportamiento,NO FRECUENTE,TRASTORNOS PSIQUIÁTRICOS
65044,SYMBICORT FORTE TURBUHALER 320 microgramos/9 microgramos/INHALACION POLVO PARA INHALACION,NO_ESPECIFICADO,alteraciones del sueño,POCO FRECUENTE,TRASTORNOS PSIQUIÁTRICOS
65044,SYMBICORT FORTE TURBUHALER 320 microgramos/9 microgramos/INHALACION POLVO PARA INHALACION,NO_ESPECIFICADO,ansiedad,POCO FRECUENTE,TRASTORNOS PSIQUIÁTRICOS
65044,SYMBICORT FORTE TURBUHALER 320 microgramos/9 microgramos/INHALACION POLVO PARA INHALACION,NO_ESPECIFICADO,Depresión,NO FRECUENTE,TRASTORNOS PSIQUIÁTRICOS
65044,SYMBICORT FORTE TURBUHALER 320 microgramos/9 microgramos/INHALACION POLVO PARA INHALACION,NO_ESPECIFICADO,hiperactividad psicomotora,POCO FRECUENTE,TRASTORNOS PSIQUIÁTRICOS
65600,AZITROMICINA CINFA 500 MG COMPRIMIDOS RECUBIERTOS CON PELICULA EFG,AZITROMICINA ,Candidiasis,POCO FRECUENTE,INFECCIONES E INFESTACIONES
65600,AZITROMICINA CINFA 500 MG COMPRIMIDOS RECUBIERTOS CON PELICULA EFG,AZITROMICINA ,Candidiasis oral,POCO FRECUENTE,INFECCIONES E INFESTACIONES
65600,AZITROMICINA CINFA 500 MG COMPRIMIDOS RECUBIERTOS CON PELICULA EFG,AZITROMICINA ,Colitis pseudomembranosa,SIN FRECUENCIA,INFECCIONES E INFESTACIONES
65600,AZITROMICINA CINFA 500 MG COMPRIMIDOS RECUBIERTOS CON PELICULA EFG,AZITROMICINA ,Faringitis,POCO FRECUENTE,INFECCIONES E INFESTACIONES
65600,AZITROMICINA CINFA 500 MG COMPRIMIDOS RECUBIERTOS CON PELICULA EFG,AZITROMICINA ,Gastroenteritis,POCO FRECUENTE,INFECCIONES E INFESTACIONES
65600,AZITROMICINA CINFA 500 MG COMPRIMIDOS RECUBIERTOS CON PELICULA EFG,AZITROMICINA ,Infección bacteriana,POCO FRECUENTE,INFECCIONES E INFESTACIONES
65600,AZITROMICINA CINFA 500 MG COMPRIMIDOS RECUBIERTOS CON PELICULA EFG,AZITROMICINA ,Infección fúngica,POCO FRECUENTE,INFECCIONES E INFESTACIONES
65600,AZITROMICINA CINFA 500 MG COMPRIMIDOS RECUBIERTOS CON PELICULA EFG,AZITROMICINA ,Infección vaginal,POCO FRECUENTE,INFECCIONES E INFESTACIONES
65600,AZITROMICINA CINFA 500 MG COMPRIMIDOS RECUBIERTOS CON PELICULA EFG,AZITROMICINA ,Neumonía,POCO FRECUENTE,INFECCIONES E INFESTACIONES
65600,AZITROMICINA CINFA 500 MG COMPRIMIDOS RECUBIERTOS CON PELICULA EFG,AZITROMICINA ,Rinitis,POCO FRECUENTE,INFECCIONES E INFESTACIONES
65600,AZITROMICINA CINFA 500 MG COMPRIMIDOS RECUBIERTOS CON PELICULA EFG,AZITROMICINA ,Trastorno respiratorio,POCO FRECUENTE,INFECCIONES E INFESTACIONES
65600,AZITROMICINA CINFA 500 MG COMPRIMIDOS RECUBIERTOS CON PELICULA EFG,AZITROMICINA ,Complicaciones post-intervención,POCO FRECUENTE,"LESIONES TRAUMÁTICAS, INTOXICACIONES Y COMPLICACIONES DE PROCEDIMIENTOS TERAPÉUTICOS"
65600,AZITROMICINA CINFA 500 MG COMPRIMIDOS RECUBIERTOS CON PELICULA EFG,AZITROMICINA ,Basófilos elevados,FRECUENTE,EXPLORACIONES  COMPLEMENTARIAS
65600,AZITROMICINA CINFA 500 MG COMPRIMIDOS RECUBIERTOS CON PELICULA EFG,AZITROMICINA ,Bicarbonato disminuido en sangre,FRECUENTE,EXPLORACIONES  COMPLEMENTARIAS
65600,AZITROMICINA CINFA 500 MG COMPRIMIDOS RECUBIERTOS CON PELICULA EFG,AZITROMICINA ,Bicarbonato elevado,POCO FRECUENTE,EXPLORACIONES  COMPLEMENTARIAS
65600,AZITROMICINA CINFA 500 MG COMPRIMIDOS RECUBIERTOS CON PELICULA EFG,AZITROMICINA ,Glucosa elevada,POCO FRECUENTE,EXPLORACIONES  COMPLEMENTARIAS
65600,AZITROMICINA CINFA 500 MG COMPRIMIDOS RECUBIERTOS CON PELICULA EFG,AZITROMICINA ,Hematocrito disminuido,POCO FRECUENTE,EXPLORACIONES  COMPLEMENTARIAS
65600,AZITROMICINA CINFA 500 MG COMPRIMIDOS RECUBIERTOS CON PELICULA EFG,AZITROMICINA ,Hiperbilirrubinemia,POCO FRECUENTE,EXPLORACIONES  COMPLEMENTARIAS
65600,AZITROMICINA CINFA 500 MG COMPRIMIDOS RECUBIERTOS CON PELICULA EFG,AZITROMICINA ,Incremento cloruro,POCO FRECUENTE,EXPLORACIONES  COMPLEMENTARIAS
65600,AZITROMICINA CINFA 500 MG COMPRIMIDOS RECUBIERTOS CON PELICULA EFG,AZITROMICINA ,Incremento de creatitina en sangre,POCO FRECUENTE,EXPLORACIONES  COMPLEMENTARIAS
65600,AZITROMICINA CINFA 500 MG COMPRIMIDOS RECUBIERTOS CON PELICULA EFG,AZITROMICINA ,"Incremento de transaminasas (AST, ALT)",POCO FRECUENTE,EXPLORACIONES  COMPLEMENTARIAS
65600,AZITROMICINA CINFA 500 MG COMPRIMIDOS RECUBIERTOS CON PELICULA EFG,AZITROMICINA ,Incremento de urea en sangre,POCO FRECUENTE,EXPLORACIONES  COMPLEMENTARIAS
65600,AZITROMICINA CINFA 500 MG COMPRIMIDOS RECUBIERTOS CON PELICULA EFG,AZITROMICINA ,Monocitos elevados,FRECUENTE,EXPLORACIONES  COMPLEMENTARIAS
65600,AZITROMICINA CINFA 500 MG COMPRIMIDOS RECUBIERTOS CON PELICULA EFG,AZITROMICINA ,Neutrófilos elevados,FRECUENTE,EXPLORACIONES  COMPLEMENTARIAS
65600,AZITROMICINA CINFA 500 MG COMPRIMIDOS RECUBIERTOS CON PELICULA EFG,AZITROMICINA ,Plaquetas aumentadas,POCO FRECUENTE,EXPLORACIONES  COMPLEMENTARIAS
65600,AZITROMICINA CINFA 500 MG COMPRIMIDOS RECUBIERTOS CON PELICULA EFG,AZITROMICINA ,Potasio anormal en sangre,POCO FRECUENTE,EXPLORACIONES  COMPLEMENTARIAS
65600,AZITROMICINA CINFA 500 MG COMPRIMIDOS RECUBIERTOS CON PELICULA EFG,AZITROMICINA ,Recuento elevado de eosinófilos,FRECUENTE,EXPLORACIONES  COMPLEMENTARIAS
65600,AZITROMICINA CINFA 500 MG COMPRIMIDOS RECUBIERTOS CON PELICULA EFG,AZITROMICINA ,Sodio anormal,POCO FRECUENTE,EXPLORACIONES  COMPLEMENTARIAS
65600,AZITROMICINA CINFA 500 MG COMPRIMIDOS RECUBIERTOS CON PELICULA EFG,AZITROMICINA ,Anemia hemolítica,SIN FRECUENCIA,TRASTORNOS DE LA SANGRE Y ÓRGANOS HEMATOPOYÉTICOS
65600,AZITROMICINA CINFA 500 MG COMPRIMIDOS RECUBIERTOS CON PELICULA EFG,AZITROMICINA ,Eosinofilia,POCO FRECUENTE,TRASTORNOS DE LA SANGRE Y ÓRGANOS HEMATOPOYÉTICOS
65600,AZITROMICINA CINFA 500 MG COMPRIMIDOS RECUBIERTOS CON PELICULA EFG,AZITROMICINA ,Leucopenia,POCO FRECUENTE,TRASTORNOS DE LA SANGRE Y ÓRGANOS HEMATOPOYÉTICOS
65600,AZITROMICINA CINFA 500 MG COMPRIMIDOS RECUBIERTOS CON PELICULA EFG,AZITROMICINA ,Neutropenia,POCO FRECUENTE,TRASTORNOS DE LA SANGRE Y ÓRGANOS HEMATOPOYÉTICOS
65600,AZITROMICINA CINFA 500 MG COMPRIMIDOS RECUBIERTOS CON PELICULA EFG,AZITROMICINA ,Trombocitopenia,SIN FRECUENCIA,TRASTORNOS DE LA SANGRE Y ÓRGANOS HEMATOPOYÉTICOS
65600,AZITROMICINA CINFA 500 MG COMPRIMIDOS RECUBIERTOS CON PELICULA EFG,AZITROMICINA ,Acúfenos,SIN FRECUENCIA,TRASTORNOS DE ÓRGANOS DE LOS SENTIDOS
65600,AZITROMICINA CINFA 500 MG COMPRIMIDOS RECUBIERTOS CON PELICULA EFG,AZITROMICINA ,Alteración visual,POCO FRECUENTE,TRASTORNOS DE ÓRGANOS DE LOS SENTIDOS
65600,AZITROMICINA CINFA 500 MG COMPRIMIDOS RECUBIERTOS CON PELICULA EFG,AZITROMICINA ,Sordera,POCO FRECUENTE,TRASTORNOS DE ÓRGANOS DE LOS SENTIDOS
65600,AZITROMICINA CINFA 500 MG COMPRIMIDOS RECUBIERTOS CON PELICULA EFG,AZITROMICINA ,Sordera,SIN FRECUENCIA,TRASTORNOS DE ÓRGANOS DE LOS SENTIDOS
65600,AZITROMICINA CINFA 500 MG COMPRIMIDOS RECUBIERTOS CON PELICULA EFG,AZITROMICINA ,Trastorno del oido,POCO FRECUENTE,TRASTORNOS DE ÓRGANOS DE LOS SENTIDOS
65600,AZITROMICINA CINFA 500 MG COMPRIMIDOS RECUBIERTOS CON PELICULA EFG,AZITROMICINA ,Vértigo,POCO FRECUENTE,TRASTORNOS DE ÓRGANOS DE LOS SENTIDOS
65600,AZITROMICINA CINFA 500 MG COMPRIMIDOS RECUBIERTOS CON PELICULA EFG,AZITROMICINA ,Dermatitis,POCO FRECUENTE,TRASTORNOS DE PIEL Y TEJIDOS
65600,AZITROMICINA CINFA 500 MG COMPRIMIDOS RECUBIERTOS CON PELICULA EFG,AZITROMICINA ,Eritema multiforme,SIN FRECUENCIA,TRASTORNOS DE PIEL Y TEJIDOS
65600,AZITROMICINA CINFA 500 MG COMPRIMIDOS RECUBIERTOS CON PELICULA EFG,AZITROMICINA ,Erupción,POCO FRECUENTE,TRASTORNOS DE PIEL Y TEJIDOS
65600,AZITROMICINA CINFA 500 MG COMPRIMIDOS RECUBIERTOS CON PELICULA EFG,AZITROMICINA ,Fotosensibilidad,NO FRECUENTE,TRASTORNOS DE PIEL Y TEJIDOS
65600,AZITROMICINA CINFA 500 MG COMPRIMIDOS RECUBIERTOS CON PELICULA EFG,AZITROMICINA ,Hiperhidrosis,POCO FRECUENTE,TRASTORNOS DE PIEL Y TEJIDOS
65600,AZITROMICINA CINFA 500 MG COMPRIMIDOS RECUBIERTOS CON PELICULA EFG,AZITROMICINA ,Necrolisis epidérmica tóxica (NET),SIN FRECUENCIA,TRASTORNOS DE PIEL Y TEJIDOS
65600,AZITROMICINA CINFA 500 MG COMPRIMIDOS RECUBIERTOS CON PELICULA EFG,AZITROMICINA ,Prurito,POCO FRECUENTE,TRASTORNOS DE PIEL Y TEJIDOS
65600,AZITROMICINA CINFA 500 MG COMPRIMIDOS RECUBIERTOS CON PELICULA EFG,AZITROMICINA ,Pustulosis exantemática aguda generalizada (PEAG),NO FRECUENTE,TRASTORNOS DE PIEL Y TEJIDOS
65600,AZITROMICINA CINFA 500 MG COMPRIMIDOS RECUBIERTOS CON PELICULA EFG,AZITROMICINA ,Reacción medicamentosa con eosinofilia y síntomas sistémicos (DRESS),NO FRECUENTE,TRASTORNOS DE PIEL Y TEJIDOS
65600,AZITROMICINA CINFA 500 MG COMPRIMIDOS RECUBIERTOS CON PELICULA EFG,AZITROMICINA ,Sequedad de piel,POCO FRECUENTE,TRASTORNOS DE PIEL Y TEJIDOS
65600,AZITROMICINA CINFA 500 MG COMPRIMIDOS RECUBIERTOS CON PELICULA EFG,AZITROMICINA ,Síndrome de Stevens - Johnson (SSJ),SIN FRECUENCIA,TRASTORNOS DE PIEL Y TEJIDOS
65600,AZITROMICINA CINFA 500 MG COMPRIMIDOS RECUBIERTOS CON PELICULA EFG,AZITROMICINA ,Urticaria,POCO FRECUENTE,TRASTORNOS DE PIEL Y TEJIDOS
65600,AZITROMICINA CINFA 500 MG COMPRIMIDOS RECUBIERTOS CON PELICULA EFG,AZITROMICINA ,Anorexia,POCO FRECUENTE,TRASTORNOS DEL METABOLISMO Y LA NUTRICIÓN
65600,AZITROMICINA CINFA 500 MG COMPRIMIDOS RECUBIERTOS CON PELICULA EFG,AZITROMICINA ,Arritmia incluyendo taquicardia ventricular,SIN FRECUENCIA,TRASTORNOS DEL SISTEMA CARDIOVASCULAR
65600,AZITROMICINA CINFA 500 MG COMPRIMIDOS RECUBIERTOS CON PELICULA EFG,AZITROMICINA ,Hipotensión,SIN FRECUENCIA,TRASTORNOS DEL SISTEMA CARDIOVASCULAR
65600,AZITROMICINA CINFA 500 MG COMPRIMIDOS RECUBIERTOS CON PELICULA EFG,AZITROMICINA ,Palpitaciones,POCO FRECUENTE,TRASTORNOS DEL SISTEMA CARDIOVASCULAR
65600,AZITROMICINA CINFA 500 MG COMPRIMIDOS RECUBIERTOS CON PELICULA EFG,AZITROMICINA ,Prolongación del QT,SIN FRECUENCIA,TRASTORNOS DEL SISTEMA CARDIOVASCULAR
65600,AZITROMICINA CINFA 500 MG COMPRIMIDOS RECUBIERTOS CON PELICULA EFG,AZITROMICINA ,Sofocos,POCO FRECUENTE,TRASTORNOS DEL SISTEMA CARDIOVASCULAR
65600,AZITROMICINA CINFA 500 MG COMPRIMIDOS RECUBIERTOS CON PELICULA EFG,AZITROMICINA ,Torsade de pointes,SIN FRECUENCIA,TRASTORNOS DEL SISTEMA CARDIOVASCULAR
65600,AZITROMICINA CINFA 500 MG COMPRIMIDOS RECUBIERTOS CON PELICULA EFG,AZITROMICINA ,Cambio del color de la lengua,SIN FRECUENCIA,TRASTORNOS DEL SISTEMA DIGESTIVO
65600,AZITROMICINA CINFA 500 MG COMPRIMIDOS RECUBIERTOS CON PELICULA EFG,AZITROMICINA ,Diarrea,MUY FRECUENTE,TRASTORNOS DEL SISTEMA DIGESTIVO
65600,AZITROMICINA CINFA 500 MG COMPRIMIDOS RECUBIERTOS CON PELICULA EFG,AZITROMICINA ,Disfagia,POCO FRECUENTE,TRASTORNOS DEL SISTEMA DIGESTIVO
65600,AZITROMICINA CINFA 500 MG COMPRIMIDOS RECUBIERTOS CON PELICULA EFG,AZITROMICINA ,Dispepsia,POCO FRECUENTE,TRASTORNOS DEL SISTEMA DIGESTIVO
65600,AZITROMICINA CINFA 500 MG COMPRIMIDOS RECUBIERTOS CON PELICULA EFG,AZITROMICINA ,Distensión abdominal,POCO FRECUENTE,TRASTORNOS DEL SISTEMA DIGESTIVO
65600,AZITROMICINA CINFA 500 MG COMPRIMIDOS RECUBIERTOS CON PELICULA EFG,AZITROMICINA ,Dolor abdominal,FRECUENTE,TRASTORNOS DEL SISTEMA DIGESTIVO
65600,AZITROMICINA CINFA 500 MG COMPRIMIDOS RECUBIERTOS CON PELICULA EFG,AZITROMICINA ,Eructos,POCO FRECUENTE,TRASTORNOS DEL SISTEMA DIGESTIVO
65600,AZITROMICINA CINFA 500 MG COMPRIMIDOS RECUBIERTOS CON PELICULA EFG,AZITROMICINA ,Estreñimiento,POCO FRECUENTE,TRASTORNOS DEL SISTEMA DIGESTIVO
65600,AZITROMICINA CINFA 500 MG COMPRIMIDOS RECUBIERTOS CON PELICULA EFG,AZITROMICINA ,Flatulencia,POCO FRECUENTE,TRASTORNOS DEL SISTEMA DIGESTIVO
65600,AZITROMICINA CINFA 500 MG COMPRIMIDOS RECUBIERTOS CON PELICULA EFG,AZITROMICINA ,Función hepática anormal,NO FRECUENTE,TRASTORNOS DEL SISTEMA DIGESTIVO
65600,AZITROMICINA CINFA 500 MG COMPRIMIDOS RECUBIERTOS CON PELICULA EFG,AZITROMICINA ,Gastritis,POCO FRECUENTE,TRASTORNOS DEL SISTEMA DIGESTIVO
65600,AZITROMICINA CINFA 500 MG COMPRIMIDOS RECUBIERTOS CON PELICULA EFG,AZITROMICINA ,Hepatitis fulminante,SIN FRECUENCIA,TRASTORNOS DEL SISTEMA DIGESTIVO
65600,AZITROMICINA CINFA 500 MG COMPRIMIDOS RECUBIERTOS CON PELICULA EFG,AZITROMICINA ,Hipersecreción salivar,POCO FRECUENTE,TRASTORNOS DEL SISTEMA DIGESTIVO
65600,AZITROMICINA CINFA 500 MG COMPRIMIDOS RECUBIERTOS CON PELICULA EFG,AZITROMICINA ,Ictericia colestásica,NO FRECUENTE,TRASTORNOS DEL SISTEMA DIGESTIVO
65600,AZITROMICINA CINFA 500 MG COMPRIMIDOS RECUBIERTOS CON PELICULA EFG,AZITROMICINA ,Insuficiencia hepática,SIN FRECUENCIA,TRASTORNOS DEL SISTEMA DIGESTIVO
65600,AZITROMICINA CINFA 500 MG COMPRIMIDOS RECUBIERTOS CON PELICULA EFG,AZITROMICINA ,Náuseas,FRECUENTE,TRASTORNOS DEL SISTEMA DIGESTIVO
65600,AZITROMICINA CINFA 500 MG COMPRIMIDOS RECUBIERTOS CON PELICULA EFG,AZITROMICINA ,Necrosis hepática,SIN FRECUENCIA,TRASTORNOS DEL SISTEMA DIGESTIVO
65600,AZITROMICINA CINFA 500 MG COMPRIMIDOS RECUBIERTOS CON PELICULA EFG,AZITROMICINA ,Pancreatitis,SIN FRECUENCIA,TRASTORNOS DEL SISTEMA DIGESTIVO
65600,AZITROMICINA CINFA 500 MG COMPRIMIDOS RECUBIERTOS CON PELICULA EFG,AZITROMICINA ,Sequedad de boca,POCO FRECUENTE,TRASTORNOS DEL SISTEMA DIGESTIVO
65600,AZITROMICINA CINFA 500 MG COMPRIMIDOS RECUBIERTOS CON PELICULA EFG,AZITROMICINA ,Ulceración de la boca,POCO FRECUENTE,TRASTORNOS DEL SISTEMA DIGESTIVO
65600,AZITROMICINA CINFA 500 MG COMPRIMIDOS RECUBIERTOS CON PELICULA EFG,AZITROMICINA ,Vómitos,FRECUENTE,TRASTORNOS DEL SISTEMA DIGESTIVO
65600,AZITROMICINA CINFA 500 MG COMPRIMIDOS RECUBIERTOS CON PELICULA EFG,AZITROMICINA ,Disuria,POCO FRECUENTE,TRASTORNOS DEL SISTEMA EXCRETOR
65600,AZITROMICINA CINFA 500 MG COMPRIMIDOS RECUBIERTOS CON PELICULA EFG,AZITROMICINA ,Dolor renal,POCO FRECUENTE,TRASTORNOS DEL SISTEMA EXCRETOR
65600,AZITROMICINA CINFA 500 MG COMPRIMIDOS RECUBIERTOS CON PELICULA EFG,AZITROMICINA ,Insuficiencia renal aguda,SIN FRECUENCIA,TRASTORNOS DEL SISTEMA EXCRETOR
65600,AZITROMICINA CINFA 500 MG COMPRIMIDOS RECUBIERTOS CON PELICULA EFG,AZITROMICINA ,Nefritis intersticial,SIN FRECUENCIA,TRASTORNOS DEL SISTEMA EXCRETOR
65600,AZITROMICINA CINFA 500 MG COMPRIMIDOS RECUBIERTOS CON PELICULA EFG,AZITROMICINA ,Astenia,POCO FRECUENTE,TRASTORNOS DEL SISTEMA GENERAL
65600,AZITROMICINA CINFA 500 MG COMPRIMIDOS RECUBIERTOS CON PELICULA EFG,AZITROMICINA ,Dolor,POCO FRECUENTE,TRASTORNOS DEL SISTEMA GENERAL
65600,AZITROMICINA CINFA 500 MG COMPRIMIDOS RECUBIERTOS CON PELICULA EFG,AZITROMICINA ,Dolor torácico,POCO FRECUENTE,TRASTORNOS DEL SISTEMA GENERAL
65600,AZITROMICINA CINFA 500 MG COMPRIMIDOS RECUBIERTOS CON PELICULA EFG,AZITROMICINA ,Edema,POCO FRECUENTE,TRASTORNOS DEL SISTEMA GENERAL
65600,AZITROMICINA CINFA 500 MG COMPRIMIDOS RECUBIERTOS CON PELICULA EFG,AZITROMICINA ,Edema facial,POCO FRECUENTE,TRASTORNOS DEL SISTEMA GENERAL
65600,AZITROMICINA CINFA 500 MG COMPRIMIDOS RECUBIERTOS CON PELICULA EFG,AZITROMICINA ,Fatiga,POCO FRECUENTE,TRASTORNOS DEL SISTEMA GENERAL
65600,AZITROMICINA CINFA 500 MG COMPRIMIDOS RECUBIERTOS CON PELICULA EFG,AZITROMICINA ,Malestar general,POCO FRECUENTE,TRASTORNOS DEL SISTEMA GENERAL
65600,AZITROMICINA CINFA 500 MG COMPRIMIDOS RECUBIERTOS CON PELICULA EFG,AZITROMICINA ,Pirexia,POCO FRECUENTE,TRASTORNOS DEL SISTEMA GENERAL
65600,AZITROMICINA CINFA 500 MG COMPRIMIDOS RECUBIERTOS CON PELICULA EFG,AZITROMICINA ,Recuento disminuido de linfocitos,FRECUENTE,TRASTORNOS DEL SISTEMA GENERAL
65600,AZITROMICINA CINFA 500 MG COMPRIMIDOS RECUBIERTOS CON PELICULA EFG,AZITROMICINA ,Angioedema,POCO FRECUENTE,TRASTORNOS DEL SISTEMA INMUNOLÓGICO
65600,AZITROMICINA CINFA 500 MG COMPRIMIDOS RECUBIERTOS CON PELICULA EFG,AZITROMICINA ,Hipersensibilidad,POCO FRECUENTE,TRASTORNOS DEL SISTEMA INMUNOLÓGICO
65600,AZITROMICINA CINFA 500 MG COMPRIMIDOS RECUBIERTOS CON PELICULA EFG,AZITROMICINA ,Reacción anafiláctica,SIN FRECUENCIA,TRASTORNOS DEL SISTEMA INMUNOLÓGICO
65600,AZITROMICINA CINFA 500 MG COMPRIMIDOS RECUBIERTOS CON PELICULA EFG,AZITROMICINA ,Artralgia,SIN FRECUENCIA,TRASTORNOS DEL SISTEMA MÚSCULO-ESQUELÉTICO
65600,AZITROMICINA CINFA 500 MG COMPRIMIDOS RECUBIERTOS CON PELICULA EFG,AZITROMICINA ,Dolor de cuello,POCO FRECUENTE,TRASTORNOS DEL SISTEMA MÚSCULO-ESQUELÉTICO
65600,AZITROMICINA CINFA 500 MG COMPRIMIDOS RECUBIERTOS CON PELICULA EFG,AZITROMICINA ,Dolor de espalda,POCO FRECUENTE,TRASTORNOS DEL SISTEMA MÚSCULO-ESQUELÉTICO
65600,AZITROMICINA CINFA 500 MG COMPRIMIDOS RECUBIERTOS CON PELICULA EFG,AZITROMICINA ,Mialgia,POCO FRECUENTE,TRASTORNOS DEL SISTEMA MÚSCULO-ESQUELÉTICO
65600,AZITROMICINA CINFA 500 MG COMPRIMIDOS RECUBIERTOS CON PELICULA EFG,AZITROMICINA ,Osteoartritis,POCO FRECUENTE,TRASTORNOS DEL SISTEMA MÚSCULO-ESQUELÉTICO
65600,AZITROMICINA CINFA 500 MG COMPRIMIDOS RECUBIERTOS CON PELICULA EFG,AZITROMICINA ,Ageusia,SIN FRECUENCIA,TRASTORNOS DEL SISTEMA NERVIOSO
65600,AZITROMICINA CINFA 500 MG COMPRIMIDOS RECUBIERTOS CON PELICULA EFG,AZITROMICINA ,Anosmia,SIN FRECUENCIA,TRASTORNOS DEL SISTEMA NERVIOSO
65600,AZITROMICINA CINFA 500 MG COMPRIMIDOS RECUBIERTOS CON PELICULA EFG,AZITROMICINA ,Cefalea,FRECUENTE,TRASTORNOS DEL SISTEMA NERVIOSO
65600,AZITROMICINA CINFA 500 MG COMPRIMIDOS RECUBIERTOS CON PELICULA EFG,AZITROMICINA ,Convulsión,SIN FRECUENCIA,TRASTORNOS DEL SISTEMA NERVIOSO
65600,AZITROMICINA CINFA 500 MG COMPRIMIDOS RECUBIERTOS CON PELICULA EFG,AZITROMICINA ,Disgeusia,POCO FRECUENTE,TRASTORNOS DEL SISTEMA NERVIOSO
65600,AZITROMICINA CINFA 500 MG COMPRIMIDOS RECUBIERTOS CON PELICULA EFG,AZITROMICINA ,Hiperactividad psicomotora,SIN FRECUENCIA,TRASTORNOS DEL SISTEMA NERVIOSO
65600,AZITROMICINA CINFA 500 MG COMPRIMIDOS RECUBIERTOS CON PELICULA EFG,AZITROMICINA ,Hipoestesia,SIN FRECUENCIA,TRASTORNOS DEL SISTEMA NERVIOSO
65600,AZITROMICINA CINFA 500 MG COMPRIMIDOS RECUBIERTOS CON PELICULA EFG,AZITROMICINA ,Mareos,POCO FRECUENTE,TRASTORNOS DEL SISTEMA NERVIOSO
65600,AZITROMICINA CINFA 500 MG COMPRIMIDOS RECUBIERTOS CON PELICULA EFG,AZITROMICINA ,Miastenia gravis,SIN FRECUENCIA,TRASTORNOS DEL SISTEMA NERVIOSO
65600,AZITROMICINA CINFA 500 MG COMPRIMIDOS RECUBIERTOS CON PELICULA EFG,AZITROMICINA ,Parestesias,POCO FRECUENTE,TRASTORNOS DEL SISTEMA NERVIOSO
65600,AZITROMICINA CINFA 500 MG COMPRIMIDOS RECUBIERTOS CON PELICULA EFG,AZITROMICINA ,Parosmia,SIN FRECUENCIA,TRASTORNOS DEL SISTEMA NERVIOSO
65600,AZITROMICINA CINFA 500 MG COMPRIMIDOS RECUBIERTOS CON PELICULA EFG,AZITROMICINA ,Síncope,SIN FRECUENCIA,TRASTORNOS DEL SISTEMA NERVIOSO
65600,AZITROMICINA CINFA 500 MG COMPRIMIDOS RECUBIERTOS CON PELICULA EFG,AZITROMICINA ,Somnolencia,POCO FRECUENTE,TRASTORNOS DEL SISTEMA NERVIOSO
65600,AZITROMICINA CINFA 500 MG COMPRIMIDOS RECUBIERTOS CON PELICULA EFG,AZITROMICINA ,Metrorragia,POCO FRECUENTE,TRASTORNOS DEL SISTEMA REPRODUCTOR
65600,AZITROMICINA CINFA 500 MG COMPRIMIDOS RECUBIERTOS CON PELICULA EFG,AZITROMICINA ,Trastorno testicular,POCO FRECUENTE,TRASTORNOS DEL SISTEMA REPRODUCTOR
65600,AZITROMICINA CINFA 500 MG COMPRIMIDOS RECUBIERTOS CON PELICULA EFG,AZITROMICINA ,Disnea,POCO FRECUENTE,TRASTORNOS DEL SISTEMA RESPIRATORIO
65600,AZITROMICINA CINFA 500 MG COMPRIMIDOS RECUBIERTOS CON PELICULA EFG,AZITROMICINA ,Epixtasis,POCO FRECUENTE,TRASTORNOS DEL SISTEMA RESPIRATORIO
65600,AZITROMICINA CINFA 500 MG COMPRIMIDOS RECUBIERTOS CON PELICULA EFG,AZITROMICINA ,Agitación,NO FRECUENTE,TRASTORNOS PSIQUIÁTRICOS
65600,AZITROMICINA CINFA 500 MG COMPRIMIDOS RECUBIERTOS CON PELICULA EFG,AZITROMICINA ,Agresividad,SIN FRECUENCIA,TRASTORNOS PSIQUIÁTRICOS
65600,AZITROMICINA CINFA 500 MG COMPRIMIDOS RECUBIERTOS CON PELICULA EFG,AZITROMICINA ,Alucinación,SIN FRECUENCIA,TRASTORNOS PSIQUIÁTRICOS
65600,AZITROMICINA CINFA 500 MG COMPRIMIDOS RECUBIERTOS CON PELICULA EFG,AZITROMICINA ,Ansiedad,SIN FRECUENCIA,TRASTORNOS PSIQUIÁTRICOS
65600,AZITROMICINA CINFA 500 MG COMPRIMIDOS RECUBIERTOS CON PELICULA EFG,AZITROMICINA ,Delirio,SIN FRECUENCIA,TRASTORNOS PSIQUIÁTRICOS
65600,AZITROMICINA CINFA 500 MG COMPRIMIDOS RECUBIERTOS CON PELICULA EFG,AZITROMICINA ,Insomnio,POCO FRECUENTE,TRASTORNOS PSIQUIÁTRICOS
65600,AZITROMICINA CINFA 500 MG COMPRIMIDOS RECUBIERTOS CON PELICULA EFG,AZITROMICINA ,Nerviosismo,POCO FRECUENTE,TRASTORNOS PSIQUIÁTRICOS
68477,LORAZEPAM CINFA 1 mg COMPRIMIDOS EFG,LORAZEPAM,Aumento de la bilirrubina,SIN FRECUENCIA,EXPLORACIONES COMPLEMENTARIAS
68477,LORAZEPAM CINFA 1 mg COMPRIMIDOS EFG,LORAZEPAM,Aumento de la fosfatasa alcalina,SIN FRECUENCIA,EXPLORACIONES COMPLEMENTARIAS
68477,LORAZEPAM CINFA 1 mg COMPRIMIDOS EFG,LORAZEPAM,Aumento de las transaminasas,SIN FRECUENCIA,EXPLORACIONES COMPLEMENTARIAS
68477,LORAZEPAM CINFA 1 mg COMPRIMIDOS EFG,LORAZEPAM,Agranulositosis,SIN FRECUENCIA,TRASTORNOS DE LA SANGRE Y ÓRGANOS HEMATOPOYÉTICOS
68477,LORAZEPAM CINFA 1 mg COMPRIMIDOS EFG,LORAZEPAM,Pancitopenia,SIN FRECUENCIA,TRASTORNOS DE LA SANGRE Y ÓRGANOS HEMATOPOYÉTICOS
68477,LORAZEPAM CINFA 1 mg COMPRIMIDOS EFG,LORAZEPAM,Trombocitopenia,SIN FRECUENCIA,TRASTORNOS DE LA SANGRE Y ÓRGANOS HEMATOPOYÉTICOS
68477,LORAZEPAM CINFA 1 mg COMPRIMIDOS EFG,LORAZEPAM,Problemas visuales (diplopia y visión borrosa),SIN FRECUENCIA,TRASTORNOS DE ÓRGANOS DE LOS SENTIDOS
68477,LORAZEPAM CINFA 1 mg COMPRIMIDOS EFG,LORAZEPAM,Vértigo,SIN FRECUENCIA,TRASTORNOS DE ÓRGANOS DE LOS SENTIDOS
68477,LORAZEPAM CINFA 1 mg COMPRIMIDOS EFG,LORAZEPAM,Alopecia,SIN FRECUENCIA,TRASTORNOS DE PIEL Y TEJIDOS
68477,LORAZEPAM CINFA 1 mg COMPRIMIDOS EFG,LORAZEPAM,Angioedema,SIN FRECUENCIA,TRASTORNOS DE PIEL Y TEJIDOS
68477,LORAZEPAM CINFA 1 mg COMPRIMIDOS EFG,LORAZEPAM,Reaciones alérgicas en la piel,SIN FRECUENCIA,TRASTORNOS DE PIEL Y TEJIDOS
68477,LORAZEPAM CINFA 1 mg COMPRIMIDOS EFG,LORAZEPAM,Hiponatremia,SIN FRECUENCIA,TRASTORNOS DEL METABOLISMO Y LA NUTRICIÓN
68477,LORAZEPAM CINFA 1 mg COMPRIMIDOS EFG,LORAZEPAM,Dismninución de la presión sanguínea,SIN FRECUENCIA,TRASTORNOS DEL SISTEMA CARDIOVASCULAR
68477,LORAZEPAM CINFA 1 mg COMPRIMIDOS EFG,LORAZEPAM,Hipotensión,SIN FRECUENCIA,TRASTORNOS DEL SISTEMA CARDIOVASCULAR
68477,LORAZEPAM CINFA 1 mg COMPRIMIDOS EFG,LORAZEPAM,Estreñimiento,SIN FRECUENCIA,TRASTORNOS DEL SISTEMA DIGESTIVO
68477,LORAZEPAM CINFA 1 mg COMPRIMIDOS EFG,LORAZEPAM,Náuseas,POCO FRECUENTE,TRASTORNOS DEL SISTEMA DIGESTIVO
68477,LORAZEPAM CINFA 1 mg COMPRIMIDOS EFG,LORAZEPAM,Síndrome de secreción inapropiada de hormona antidiurética,SIN FRECUENCIA,TRASTORNOS DEL SISTEMA ENDOCRINO
68477,LORAZEPAM CINFA 1 mg COMPRIMIDOS EFG,LORAZEPAM,Astenia,FRECUENTE,TRASTORNOS DEL SISTEMA GENERAL
68477,LORAZEPAM CINFA 1 mg COMPRIMIDOS EFG,LORAZEPAM,Fatiga,MUY FRECUENTE,TRASTORNOS DEL SISTEMA GENERAL
68477,LORAZEPAM CINFA 1 mg COMPRIMIDOS EFG,LORAZEPAM,Hipotermia,SIN FRECUENCIA,TRASTORNOS DEL SISTEMA GENERAL
68477,LORAZEPAM CINFA 1 mg COMPRIMIDOS EFG,LORAZEPAM,Ictericia,SIN FRECUENCIA,TRASTORNOS DEL SISTEMA HEPATOBILIAR
68477,LORAZEPAM CINFA 1 mg COMPRIMIDOS EFG,LORAZEPAM,Reacciones de hipersensibilidad y anafilácticas/anafilactoides,SIN FRECUENCIA,TRASTORNOS DEL SISTEMA INMUNOLÓGICO
68477,LORAZEPAM CINFA 1 mg COMPRIMIDOS EFG,LORAZEPAM,Debilidad muscular,FRECUENTE,TRASTORNOS DEL SISTEMA MÚSCULO-ESQUELÉTICO
68477,LORAZEPAM CINFA 1 mg COMPRIMIDOS EFG,LORAZEPAM,Alteraciones de la atención/concentración,SIN FRECUENCIA,TRASTORNOS DEL SISTEMA NERVIOSO
68477,LORAZEPAM CINFA 1 mg COMPRIMIDOS EFG,LORAZEPAM,Amnesia,SIN FRECUENCIA,TRASTORNOS DEL SISTEMA NERVIOSO
68477,LORAZEPAM CINFA 1 mg COMPRIMIDOS EFG,LORAZEPAM,Ataxia,FRECUENTE,TRASTORNOS DEL SISTEMA NERVIOSO
68477,LORAZEPAM CINFA 1 mg COMPRIMIDOS EFG,LORAZEPAM,Coma,SIN FRECUENCIA,TRASTORNOS DEL SISTEMA NERVIOSO
68477,LORAZEPAM CINFA 1 mg COMPRIMIDOS EFG,LORAZEPAM,Convulsión,SIN FRECUENCIA,TRASTORNOS DEL SISTEMA NERVIOSO
68477,LORAZEPAM CINFA 1 mg COMPRIMIDOS EFG,LORAZEPAM,Disartria (habla pastosa),SIN FRECUENCIA,TRASTORNOS DEL SISTEMA NERVIOSO
68477,LORAZEPAM CINFA 1 mg COMPRIMIDOS EFG,LORAZEPAM,Dolor de cabeza,SIN FRECUENCIA,TRASTORNOS DEL SISTEMA NERVIOSO
68477,LORAZEPAM CINFA 1 mg COMPRIMIDOS EFG,LORAZEPAM,Efecto depresor del SNC a altas dosis,SIN FRECUENCIA,TRASTORNOS DEL SISTEMA NERVIOSO
68477,LORAZEPAM CINFA 1 mg COMPRIMIDOS EFG,LORAZEPAM,Mareos ,FRECUENTE,TRASTORNOS DEL SISTEMA NERVIOSO
68477,LORAZEPAM CINFA 1 mg COMPRIMIDOS EFG,LORAZEPAM,Sedación,MUY FRECUENTE,TRASTORNOS DEL SISTEMA NERVIOSO
68477,LORAZEPAM CINFA 1 mg COMPRIMIDOS EFG,LORAZEPAM,Síntomas extrapiramidales,SIN FRECUENCIA,TRASTORNOS DEL SISTEMA NERVIOSO
68477,LORAZEPAM CINFA 1 mg COMPRIMIDOS EFG,LORAZEPAM,Somnolencia,MUY FRECUENTE,TRASTORNOS DEL SISTEMA NERVIOSO
68477,LORAZEPAM CINFA 1 mg COMPRIMIDOS EFG,LORAZEPAM,Temblor,SIN FRECUENCIA,TRASTORNOS DEL SISTEMA NERVIOSO
68477,LORAZEPAM CINFA 1 mg COMPRIMIDOS EFG,LORAZEPAM,Trastorno del equilibrio,SIN FRECUENCIA,TRASTORNOS DEL SISTEMA NERVIOSO
68477,LORAZEPAM CINFA 1 mg COMPRIMIDOS EFG,LORAZEPAM,Impotencia,POCO FRECUENTE,TRASTORNOS DEL SISTEMA REPRODUCTOR
68477,LORAZEPAM CINFA 1 mg COMPRIMIDOS EFG,LORAZEPAM,Apnea,SIN FRECUENCIA,TRASTORNOS DEL SISTEMA RESPIRATORIO
68477,LORAZEPAM CINFA 1 mg COMPRIMIDOS EFG,LORAZEPAM,Empeoramiento de la apnea del sueño,SIN FRECUENCIA,TRASTORNOS DEL SISTEMA RESPIRATORIO
68477,LORAZEPAM CINFA 1 mg COMPRIMIDOS EFG,LORAZEPAM,Empeoramiento de la enfermedad crónica  EPOC ,SIN FRECUENCIA,TRASTORNOS DEL SISTEMA RESPIRATORIO
68477,LORAZEPAM CINFA 1 mg COMPRIMIDOS EFG,LORAZEPAM,Insuficiencia respiratoria,SIN FRECUENCIA,TRASTORNOS DEL SISTEMA RESPIRATORIO
68477,LORAZEPAM CINFA 1 mg COMPRIMIDOS EFG,LORAZEPAM,Agitación,SIN FRECUENCIA,TRASTORNOS PSIQUIÁTRICOS
68477,LORAZEPAM CINFA 1 mg COMPRIMIDOS EFG,LORAZEPAM,Alteraciones del sueño,SIN FRECUENCIA,TRASTORNOS PSIQUIÁTRICOS
68477,LORAZEPAM CINFA 1 mg COMPRIMIDOS EFG,LORAZEPAM,Alucinaciones,SIN FRECUENCIA,TRASTORNOS PSIQUIÁTRICOS
68477,LORAZEPAM CINFA 1 mg COMPRIMIDOS EFG,LORAZEPAM,Cambio de  la líbido,POCO FRECUENTE,TRASTORNOS PSIQUIÁTRICOS
68477,LORAZEPAM CINFA 1 mg COMPRIMIDOS EFG,LORAZEPAM,Confusión,FRECUENTE,TRASTORNOS PSIQUIÁTRICOS
68477,LORAZEPAM CINFA 1 mg COMPRIMIDOS EFG,LORAZEPAM,Depresión,FRECUENTE,TRASTORNOS PSIQUIÁTRICOS
68477,LORAZEPAM CINFA 1 mg COMPRIMIDOS EFG,LORAZEPAM,Desenmascaramiento de depresión,FRECUENTE,TRASTORNOS PSIQUIÁTRICOS
68477,LORAZEPAM CINFA 1 mg COMPRIMIDOS EFG,LORAZEPAM,Deseo sexual,SIN FRECUENCIA,TRASTORNOS PSIQUIÁTRICOS
68477,LORAZEPAM CINFA 1 mg COMPRIMIDOS EFG,LORAZEPAM,Deshinibición,SIN FRECUENCIA,TRASTORNOS PSIQUIÁTRICOS
68477,LORAZEPAM CINFA 1 mg COMPRIMIDOS EFG,LORAZEPAM,Disminución de orgasmos,POCO FRECUENTE,TRASTORNOS PSIQUIÁTRICOS
68477,LORAZEPAM CINFA 1 mg COMPRIMIDOS EFG,LORAZEPAM,Euforia,SIN FRECUENCIA,TRASTORNOS PSIQUIÁTRICOS
68477,LORAZEPAM CINFA 1 mg COMPRIMIDOS EFG,LORAZEPAM,"Reacciones paradójicas como ansiedad, agitación, excitación, hostilidad, agresividad, furia",SIN FRECUENCIA,TRASTORNOS PSIQUIÁTRICOS
68477,LORAZEPAM CINFA 1 mg COMPRIMIDOS EFG,LORAZEPAM,Ideas e intentos de suicidio,SIN FRECUENCIA,TRASTORNOS PSIQUIÁTRICOS
68477,LORAZEPAM CINFA 1 mg COMPRIMIDOS EFG,LORAZEPAM,Insomnio,SIN FRECUENCIA,TRASTORNOS PSIQUIÁTRICOS
73322,"BROMAZEPAM KERN PHARMA 1,5 MG CAPSULAS EFG",BROMAZEPAM,Fracturas,SIN FRECUENCIA,"LESIONES TRAUMÁTICAS, INTOXICACIONES Y COMPLICACIONES DE PROCEDIMIENTOS TERAPÉUTICOS"
73322,"BROMAZEPAM KERN PHARMA 1,5 MG CAPSULAS EFG",BROMAZEPAM,Diplopia,SIN FRECUENCIA,TRASTORNOS DE ÓRGANOS DE LOS SENTIDOS
73322,"BROMAZEPAM KERN PHARMA 1,5 MG CAPSULAS EFG",BROMAZEPAM,Prurito,SIN FRECUENCIA,TRASTORNOS DE PIEL Y TEJIDOS
73322,"BROMAZEPAM KERN PHARMA 1,5 MG CAPSULAS EFG",BROMAZEPAM,Rash cutáneo,SIN FRECUENCIA,TRASTORNOS DE PIEL Y TEJIDOS
73322,"BROMAZEPAM KERN PHARMA 1,5 MG CAPSULAS EFG",BROMAZEPAM,Urticaria,SIN FRECUENCIA,TRASTORNOS DE PIEL Y TEJIDOS
73322,"BROMAZEPAM KERN PHARMA 1,5 MG CAPSULAS EFG",BROMAZEPAM,Insuficiencia cardiaca,SIN FRECUENCIA,TRASTORNOS DEL SISTEMA CARDIOVASCULAR
73322,"BROMAZEPAM KERN PHARMA 1,5 MG CAPSULAS EFG",BROMAZEPAM,Parada cardiaca,SIN FRECUENCIA,TRASTORNOS DEL SISTEMA CARDIOVASCULAR
73322,"BROMAZEPAM KERN PHARMA 1,5 MG CAPSULAS EFG",BROMAZEPAM,Estreñimiento,SIN FRECUENCIA,TRASTORNOS DEL SISTEMA DIGESTIVO
73322,"BROMAZEPAM KERN PHARMA 1,5 MG CAPSULAS EFG",BROMAZEPAM,Náuseas,SIN FRECUENCIA,TRASTORNOS DEL SISTEMA DIGESTIVO
73322,"BROMAZEPAM KERN PHARMA 1,5 MG CAPSULAS EFG",BROMAZEPAM,Vómitos,SIN FRECUENCIA,TRASTORNOS DEL SISTEMA DIGESTIVO
73322,"BROMAZEPAM KERN PHARMA 1,5 MG CAPSULAS EFG",BROMAZEPAM,Retención urinaria,SIN FRECUENCIA,TRASTORNOS DEL SISTEMA EXCRETOR
73322,"BROMAZEPAM KERN PHARMA 1,5 MG CAPSULAS EFG",BROMAZEPAM,Fatiga,SIN FRECUENCIA,TRASTORNOS DEL SISTEMA GENERAL
73322,"BROMAZEPAM KERN PHARMA 1,5 MG CAPSULAS EFG",BROMAZEPAM,Angioedema,SIN FRECUENCIA,TRASTORNOS DEL SISTEMA INMUNOLÓGICO
73322,"BROMAZEPAM KERN PHARMA 1,5 MG CAPSULAS EFG",BROMAZEPAM,Hipersensibilidad,SIN FRECUENCIA,TRASTORNOS DEL SISTEMA INMUNOLÓGICO
73322,"BROMAZEPAM KERN PHARMA 1,5 MG CAPSULAS EFG",BROMAZEPAM,Shock anafiláctico,SIN FRECUENCIA,TRASTORNOS DEL SISTEMA INMUNOLÓGICO
73322,"BROMAZEPAM KERN PHARMA 1,5 MG CAPSULAS EFG",BROMAZEPAM,Debilidad muscular,SIN FRECUENCIA,TRASTORNOS DEL SISTEMA MÚSCULO-ESQUELÉTICO
73322,"BROMAZEPAM KERN PHARMA 1,5 MG CAPSULAS EFG",BROMAZEPAM,Ataxia,SIN FRECUENCIA,TRASTORNOS DEL SISTEMA NERVIOSO
73322,"BROMAZEPAM KERN PHARMA 1,5 MG CAPSULAS EFG",BROMAZEPAM,Cefalea,SIN FRECUENCIA,TRASTORNOS DEL SISTEMA NERVIOSO
73322,"BROMAZEPAM KERN PHARMA 1,5 MG CAPSULAS EFG",BROMAZEPAM,Mareos,SIN FRECUENCIA,TRASTORNOS DEL SISTEMA NERVIOSO
73322,"BROMAZEPAM KERN PHARMA 1,5 MG CAPSULAS EFG",BROMAZEPAM,Reducción del estado de alerta,SIN FRECUENCIA,TRASTORNOS DEL SISTEMA NERVIOSO
73322,"BROMAZEPAM KERN PHARMA 1,5 MG CAPSULAS EFG",BROMAZEPAM,Somnolencia,SIN FRECUENCIA,TRASTORNOS DEL SISTEMA NERVIOSO
73322,"BROMAZEPAM KERN PHARMA 1,5 MG CAPSULAS EFG",BROMAZEPAM,Depresión respiratoria,SIN FRECUENCIA,TRASTORNOS DEL SISTEMA RESPIRATORIO
73322,"BROMAZEPAM KERN PHARMA 1,5 MG CAPSULAS EFG",BROMAZEPAM,Abuso,SIN FRECUENCIA,TRASTORNOS PSIQUIÁTRICOS
73322,"BROMAZEPAM KERN PHARMA 1,5 MG CAPSULAS EFG",BROMAZEPAM,Agresividad,SIN FRECUENCIA,TRASTORNOS PSIQUIÁTRICOS
73322,"BROMAZEPAM KERN PHARMA 1,5 MG CAPSULAS EFG",BROMAZEPAM,Alucinación,SIN FRECUENCIA,TRASTORNOS PSIQUIÁTRICOS
73322,"BROMAZEPAM KERN PHARMA 1,5 MG CAPSULAS EFG",BROMAZEPAM,Comportamiento inadecuado,SIN FRECUENCIA,TRASTORNOS PSIQUIÁTRICOS
73322,"BROMAZEPAM KERN PHARMA 1,5 MG CAPSULAS EFG",BROMAZEPAM,Confusión,SIN FRECUENCIA,TRASTORNOS PSIQUIÁTRICOS
73322,"BROMAZEPAM KERN PHARMA 1,5 MG CAPSULAS EFG",BROMAZEPAM,Dependencia ,SIN FRECUENCIA,TRASTORNOS PSIQUIÁTRICOS
73322,"BROMAZEPAM KERN PHARMA 1,5 MG CAPSULAS EFG",BROMAZEPAM,Depresión,SIN FRECUENCIA,TRASTORNOS PSIQUIÁTRICOS
73322,"BROMAZEPAM KERN PHARMA 1,5 MG CAPSULAS EFG",BROMAZEPAM,Derilio,SIN FRECUENCIA,TRASTORNOS PSIQUIÁTRICOS
73322,"BROMAZEPAM KERN PHARMA 1,5 MG CAPSULAS EFG",BROMAZEPAM,Desorientación,SIN FRECUENCIA,TRASTORNOS PSIQUIÁTRICOS
73322,"BROMAZEPAM KERN PHARMA 1,5 MG CAPSULAS EFG",BROMAZEPAM,Hiperactividad,SIN FRECUENCIA,TRASTORNOS PSIQUIÁTRICOS
73322,"BROMAZEPAM KERN PHARMA 1,5 MG CAPSULAS EFG",BROMAZEPAM,Intranquilidad,SIN FRECUENCIA,TRASTORNOS PSIQUIÁTRICOS
73322,"BROMAZEPAM KERN PHARMA 1,5 MG CAPSULAS EFG",BROMAZEPAM,Ira,SIN FRECUENCIA,TRASTORNOS PSIQUIÁTRICOS
73322,"BROMAZEPAM KERN PHARMA 1,5 MG CAPSULAS EFG",BROMAZEPAM,Irritabilidad,SIN FRECUENCIA,TRASTORNOS PSIQUIÁTRICOS
73322,"BROMAZEPAM KERN PHARMA 1,5 MG CAPSULAS EFG",BROMAZEPAM,Pérdida de memoria,SIN FRECUENCIA,TRASTORNOS PSIQUIÁTRICOS
73322,"BROMAZEPAM KERN PHARMA 1,5 MG CAPSULAS EFG",BROMAZEPAM,Pesadillas,SIN FRECUENCIA,TRASTORNOS PSIQUIÁTRICOS
73322,"BROMAZEPAM KERN PHARMA 1,5 MG CAPSULAS EFG",BROMAZEPAM,Psicosis,SIN FRECUENCIA,TRASTORNOS PSIQUIÁTRICOS
73322,"BROMAZEPAM KERN PHARMA 1,5 MG CAPSULAS EFG",BROMAZEPAM,Síndrome de abstinencia,SIN FRECUENCIA,TRASTORNOS PSIQUIÁTRICOS
73322,"BROMAZEPAM KERN PHARMA 1,5 MG CAPSULAS EFG",BROMAZEPAM,Sueños anormales,SIN FRECUENCIA,TRASTORNOS PSIQUIÁTRICOS
73322,"BROMAZEPAM KERN PHARMA 1,5 MG CAPSULAS EFG",BROMAZEPAM,Trastornos de la libido,SIN FRECUENCIA,TRASTORNOS PSIQUIÁTRICOS
75005,LEVETIRACETAM CINFA 1000 mg COMPRIMIDOS RECUBIERTOS CON PELICULA EFG,LEVETIRACETAM,Infección,NO FRECUENTE,INFECCIONES E INFESTACIONES
75005,LEVETIRACETAM CINFA 1000 mg COMPRIMIDOS RECUBIERTOS CON PELICULA EFG,LEVETIRACETAM,Nasofaringitis,MUY FRECUENTE,INFECCIONES E INFESTACIONES
75005,LEVETIRACETAM CINFA 1000 mg COMPRIMIDOS RECUBIERTOS CON PELICULA EFG,LEVETIRACETAM,agranulocitosis,NO FRECUENTE,TRASTORNOS DE LA SANGRE Y ÓRGANOS HEMATOPOYÉTICOS
75005,LEVETIRACETAM CINFA 1000 MG COMPRIMIDOS RECUBIERTOS CON PELICULA EFG,LEVETIRACETAM,agranulocitosis,NO FRECUENTE,TRASTORNOS DE LA SANGRE Y ÓRGANOS HEMATOPOYÉTICOS
75005,LEVETIRACETAM CINFA 1000 MG COMPRIMIDOS RECUBIERTOS CON PELICULA EFG,LEVETIRACETAM,leucopenia,POCO FRECUENTE,TRASTORNOS DE LA SANGRE Y ÓRGANOS HEMATOPOYÉTICOS
75005,LEVETIRACETAM CINFA 1000 mg COMPRIMIDOS RECUBIERTOS CON PELICULA EFG,LEVETIRACETAM,neutropenia,NO FRECUENTE,TRASTORNOS DE LA SANGRE Y ÓRGANOS HEMATOPOYÉTICOS
75005,LEVETIRACETAM CINFA 1000 MG COMPRIMIDOS RECUBIERTOS CON PELICULA EFG,LEVETIRACETAM,Pancitopenia,NO FRECUENTE,TRASTORNOS DE LA SANGRE Y ÓRGANOS HEMATOPOYÉTICOS
75005,LEVETIRACETAM CINFA 1000 MG COMPRIMIDOS RECUBIERTOS CON PELICULA EFG,LEVETIRACETAM,Trombocitopenia,POCO FRECUENTE,TRASTORNOS DE LA SANGRE Y ÓRGANOS HEMATOPOYÉTICOS
75005,LEVETIRACETAM CINFA 1000 MG COMPRIMIDOS RECUBIERTOS CON PELICULA EFG,LEVETIRACETAM,Diplopía,POCO FRECUENTE,TRASTORNOS DE ÓRGANOS DE LOS SENTIDOS
75005,LEVETIRACETAM CINFA 1000 MG COMPRIMIDOS RECUBIERTOS CON PELICULA EFG,LEVETIRACETAM,Vértigo,FRECUENTE,TRASTORNOS DE ÓRGANOS DE LOS SENTIDOS
75005,LEVETIRACETAM CINFA 1000 MG COMPRIMIDOS RECUBIERTOS CON PELICULA EFG,LEVETIRACETAM,visión borrosa,POCO FRECUENTE,TRASTORNOS DE ÓRGANOS DE LOS SENTIDOS
75005,LEVETIRACETAM CINFA 1000 mg COMPRIMIDOS RECUBIERTOS CON PELICULA EFG,LEVETIRACETAM,Alopecia,POCO FRECUENTE,TRASTORNOS DE PIEL Y TEJIDOS
75005,LEVETIRACETAM CINFA 1000 MG COMPRIMIDOS RECUBIERTOS CON PELICULA EFG,LEVETIRACETAM,eczema,POCO FRECUENTE,TRASTORNOS DE PIEL Y TEJIDOS
75005,LEVETIRACETAM CINFA 1000 mg COMPRIMIDOS RECUBIERTOS CON PELICULA EFG,LEVETIRACETAM,eritema multiforme,NO FRECUENTE,TRASTORNOS DE PIEL Y TEJIDOS
75005,LEVETIRACETAM CINFA 1000 mg COMPRIMIDOS RECUBIERTOS CON PELICULA EFG,LEVETIRACETAM,Necrólisis epidérmica tóxica,NO FRECUENTE,TRASTORNOS DE PIEL Y TEJIDOS
75005,LEVETIRACETAM CINFA 1000 MG COMPRIMIDOS RECUBIERTOS CON PELICULA EFG,LEVETIRACETAM,prurito,POCO FRECUENTE,TRASTORNOS DE PIEL Y TEJIDOS
75005,LEVETIRACETAM CINFA 1000 MG COMPRIMIDOS RECUBIERTOS CON PELICULA EFG,LEVETIRACETAM,Rash,FRECUENTE,TRASTORNOS DE PIEL Y TEJIDOS
75005,LEVETIRACETAM CINFA 1000 mg COMPRIMIDOS RECUBIERTOS CON PELICULA EFG,LEVETIRACETAM,síndrome de Stevens- Johnson,NO FRECUENTE,TRASTORNOS DE PIEL Y TEJIDOS
75005,LEVETIRACETAM CINFA 1000 mg COMPRIMIDOS RECUBIERTOS CON PELICULA EFG,LEVETIRACETAM,Anorexia,FRECUENTE,TRASTORNOS DEL METABOLISMO Y LA NUTRICIÓN
75005,LEVETIRACETAM CINFA 1000 mg COMPRIMIDOS RECUBIERTOS CON PELICULA EFG,LEVETIRACETAM,aumento de peso,POCO FRECUENTE,TRASTORNOS DEL METABOLISMO Y LA NUTRICIÓN
75005,LEVETIRACETAM CINFA 1000 mg COMPRIMIDOS RECUBIERTOS CON PELICULA EFG,LEVETIRACETAM,Hiponatremia,NO FRECUENTE,TRASTORNOS DEL METABOLISMO Y LA NUTRICIÓN
75005,LEVETIRACETAM CINFA 1000 mg COMPRIMIDOS RECUBIERTOS CON PELICULA EFG,LEVETIRACETAM,Pérdida de peso,POCO FRECUENTE,TRASTORNOS DEL METABOLISMO Y LA NUTRICIÓN
75005,LEVETIRACETAM CINFA 1000 mg COMPRIMIDOS RECUBIERTOS CON PELICULA EFG,LEVETIRACETAM,Prolongación del intervalo QT,NO FRECUENTE,TRASTORNOS DEL SISTEMA CARDIOVASCULAR
75005,LEVETIRACETAM CINFA 1000 MG COMPRIMIDOS RECUBIERTOS CON PELICULA EFG,LEVETIRACETAM,diarrea,FRECUENTE,TRASTORNOS DEL SISTEMA DIGESTIVO
75005,LEVETIRACETAM CINFA 1000 MG COMPRIMIDOS RECUBIERTOS CON PELICULA EFG,LEVETIRACETAM,dispepsia,FRECUENTE,TRASTORNOS DEL SISTEMA DIGESTIVO
75005,LEVETIRACETAM CINFA 1000 MG COMPRIMIDOS RECUBIERTOS CON PELICULA EFG,LEVETIRACETAM,Dolor abdominal,FRECUENTE,TRASTORNOS DEL SISTEMA DIGESTIVO
75005,LEVETIRACETAM CINFA 1000 mg COMPRIMIDOS RECUBIERTOS CON PELICULA EFG,LEVETIRACETAM,hepatitis,NO FRECUENTE,TRASTORNOS DEL SISTEMA DIGESTIVO
75005,LEVETIRACETAM CINFA 1000 mg COMPRIMIDOS RECUBIERTOS CON PELICULA EFG,LEVETIRACETAM,náuseas,FRECUENTE,TRASTORNOS DEL SISTEMA DIGESTIVO
75005,LEVETIRACETAM CINFA 1000 mg COMPRIMIDOS RECUBIERTOS CON PELICULA EFG,LEVETIRACETAM,Pancreatitis,NO FRECUENTE,TRASTORNOS DEL SISTEMA DIGESTIVO
75005,LEVETIRACETAM CINFA 1000 mg COMPRIMIDOS RECUBIERTOS CON PELICULA EFG,LEVETIRACETAM,Pruebas anormales de la función hepática,POCO FRECUENTE,TRASTORNOS DEL SISTEMA DIGESTIVO
75005,LEVETIRACETAM CINFA 1000 mg COMPRIMIDOS RECUBIERTOS CON PELICULA EFG,LEVETIRACETAM,Lesión renal aguda,NO FRECUENTE,TRASTORNOS DEL SISTEMA EXCRETOR
75005,LEVETIRACETAM CINFA 1000 mg COMPRIMIDOS RECUBIERTOS CON PELICULA EFG,LEVETIRACETAM,Astenia,FRECUENTE,TRASTORNOS DEL SISTEMA GENERAL
75005,LEVETIRACETAM CINFA 1000 mg COMPRIMIDOS RECUBIERTOS CON PELICULA EFG,LEVETIRACETAM,hipersensibilidad,NO FRECUENTE,TRASTORNOS DEL SISTEMA INMUNOLÓGICO
75005,LEVETIRACETAM CINFA 1000 mg COMPRIMIDOS RECUBIERTOS CON PELICULA EFG,LEVETIRACETAM,Debilidad muscular,POCO FRECUENTE,TRASTORNOS DEL SISTEMA MÚSCULO-ESQUELÉTICO
75005,LEVETIRACETAM CINFA 1000 mg COMPRIMIDOS RECUBIERTOS CON PELICULA EFG,LEVETIRACETAM,Lesión,POCO FRECUENTE,TRASTORNOS DEL SISTEMA MÚSCULO-ESQUELÉTICO
75005,LEVETIRACETAM CINFA 1000 mg COMPRIMIDOS RECUBIERTOS CON PELICULA EFG,LEVETIRACETAM,mialgia,POCO FRECUENTE,TRASTORNOS DEL SISTEMA MÚSCULO-ESQUELÉTICO
75005,LEVETIRACETAM CINFA 1000 mg COMPRIMIDOS RECUBIERTOS CON PELICULA EFG,LEVETIRACETAM,Rabdomiólisis,NO FRECUENTE,TRASTORNOS DEL SISTEMA MÚSCULO-ESQUELÉTICO
75005,LEVETIRACETAM CINFA 1000 MG COMPRIMIDOS RECUBIERTOS CON PELICULA EFG,LEVETIRACETAM,alteración de la atención,POCO FRECUENTE,TRASTORNOS DEL SISTEMA NERVIOSO
75005,LEVETIRACETAM CINFA 1000 MG COMPRIMIDOS RECUBIERTOS CON PELICULA EFG,LEVETIRACETAM,alteración de la marcha,NO FRECUENTE,TRASTORNOS DEL SISTEMA NERVIOSO
75005,LEVETIRACETAM CINFA 1000 mg COMPRIMIDOS RECUBIERTOS CON PELICULA EFG,LEVETIRACETAM,Amnesia,POCO FRECUENTE,TRASTORNOS DEL SISTEMA NERVIOSO
75005,LEVETIRACETAM CINFA 1000 MG COMPRIMIDOS RECUBIERTOS CON PELICULA EFG,LEVETIRACETAM,Cefalea,NO FRECUENTE,TRASTORNOS DEL SISTEMA NERVIOSO
75005,LEVETIRACETAM CINFA 1000 mg COMPRIMIDOS RECUBIERTOS CON PELICULA EFG,LEVETIRACETAM,Convulsión,FRECUENTE,TRASTORNOS DEL SISTEMA NERVIOSO
75005,LEVETIRACETAM CINFA 1000 mg COMPRIMIDOS RECUBIERTOS CON PELICULA EFG,LEVETIRACETAM,coordinación anorma,POCO FRECUENTE,TRASTORNOS DEL SISTEMA NERVIOSO
75005,LEVETIRACETAM CINFA 1000 mg COMPRIMIDOS RECUBIERTOS CON PELICULA EFG,LEVETIRACETAM,Coreoatetosis,NO FRECUENTE,TRASTORNOS DEL SISTEMA NERVIOSO
75005,LEVETIRACETAM CINFA 1000 mg COMPRIMIDOS RECUBIERTOS CON PELICULA EFG,LEVETIRACETAM,crisis epilépticas agravadas,NO FRECUENTE,TRASTORNOS DEL SISTEMA NERVIOSO
75005,LEVETIRACETAM CINFA 1000 MG COMPRIMIDOS RECUBIERTOS CON PELICULA EFG,LEVETIRACETAM,discinesia,NO FRECUENTE,TRASTORNOS DEL SISTEMA NERVIOSO
75005,LEVETIRACETAM CINFA 1000 MG COMPRIMIDOS RECUBIERTOS CON PELICULA EFG,LEVETIRACETAM,encefalopatia,NO FRECUENTE,TRASTORNOS DEL SISTEMA NERVIOSO
75005,LEVETIRACETAM CINFA 1000 mg COMPRIMIDOS RECUBIERTOS CON PELICULA EFG,LEVETIRACETAM,letargo,FRECUENTE,TRASTORNOS DEL SISTEMA NERVIOSO
75005,LEVETIRACETAM CINFA 1000 MG COMPRIMIDOS RECUBIERTOS CON PELICULA EFG,LEVETIRACETAM,mareo,FRECUENTE,TRASTORNOS DEL SISTEMA NERVIOSO
75005,LEVETIRACETAM CINFA 1000 mg COMPRIMIDOS RECUBIERTOS CON PELICULA EFG,LEVETIRACETAM,síndrome neuroléptico maligno,NO FRECUENTE,TRASTORNOS DEL SISTEMA NERVIOSO
75005,LEVETIRACETAM CINFA 1000 mg COMPRIMIDOS RECUBIERTOS CON PELICULA EFG,LEVETIRACETAM,"Somnolencia, cefalea",MUY FRECUENTE,TRASTORNOS DEL SISTEMA NERVIOSO
75005,LEVETIRACETAM CINFA 1000 mg COMPRIMIDOS RECUBIERTOS CON PELICULA EFG,LEVETIRACETAM,temblor,FRECUENTE,TRASTORNOS DEL SISTEMA NERVIOSO
75005,LEVETIRACETAM CINFA 1000 MG COMPRIMIDOS RECUBIERTOS CON PELICULA EFG,LEVETIRACETAM,trastorno del equilibrio,FRECUENTE,TRASTORNOS DEL SISTEMA NERVIOSO
75005,LEVETIRACETAM CINFA 1000 mg COMPRIMIDOS RECUBIERTOS CON PELICULA EFG,LEVETIRACETAM,Tos,FRECUENTE,TRASTORNOS DEL SISTEMA RESPIRATORIO
75005,LEVETIRACETAM CINFA 1000 mg COMPRIMIDOS RECUBIERTOS CON PELICULA EFG,LEVETIRACETAM,agitación,POCO FRECUENTE,TRASTORNOS PSIQUIÁTRICOS
75005,LEVETIRACETAM CINFA 1000 MG COMPRIMIDOS RECUBIERTOS CON PELICULA EFG,LEVETIRACETAM,agitación,POCO FRECUENTE,TRASTORNOS PSIQUIÁTRICOS
75005,LEVETIRACETAM CINFA 1000 mg COMPRIMIDOS RECUBIERTOS CON PELICULA EFG,LEVETIRACETAM,agresividad,FRECUENTE,TRASTORNOS PSIQUIÁTRICOS
75005,LEVETIRACETAM CINFA 1000 mg COMPRIMIDOS RECUBIERTOS CON PELICULA EFG,LEVETIRACETAM,alteraciones psicóticas,POCO FRECUENTE,TRASTORNOS PSIQUIÁTRICOS
75005,LEVETIRACETAM CINFA 1000 mg COMPRIMIDOS RECUBIERTOS CON PELICULA EFG,LEVETIRACETAM,alucinaciones,POCO FRECUENTE,TRASTORNOS PSIQUIÁTRICOS
75005,LEVETIRACETAM CINFA 1000 mg COMPRIMIDOS RECUBIERTOS CON PELICULA EFG,LEVETIRACETAM,ansiedad,FRECUENTE,TRASTORNOS PSIQUIÁTRICOS
75005,LEVETIRACETAM CINFA 1000 mg COMPRIMIDOS RECUBIERTOS CON PELICULA EFG,LEVETIRACETAM,ataque de pánico,POCO FRECUENTE,TRASTORNOS PSIQUIÁTRICOS
75005,LEVETIRACETAM CINFA 1000 mg COMPRIMIDOS RECUBIERTOS CON PELICULA EFG,LEVETIRACETAM,cambios de humor,POCO FRECUENTE,TRASTORNOS PSIQUIÁTRICOS
75005,LEVETIRACETAM CINFA 1000 mg COMPRIMIDOS RECUBIERTOS CON PELICULA EFG,LEVETIRACETAM,cólera,POCO FRECUENTE,TRASTORNOS PSIQUIÁTRICOS
75005,LEVETIRACETAM CINFA 1000 mg COMPRIMIDOS RECUBIERTOS CON PELICULA EFG,LEVETIRACETAM,delirio,NO FRECUENTE,TRASTORNOS PSIQUIÁTRICOS
75005,LEVETIRACETAM CINFA 1000 mg COMPRIMIDOS RECUBIERTOS CON PELICULA EFG,LEVETIRACETAM,"Depresión,",FRECUENTE,TRASTORNOS PSIQUIÁTRICOS
75005,LEVETIRACETAM CINFA 1000 mg COMPRIMIDOS RECUBIERTOS CON PELICULA EFG,LEVETIRACETAM,estado confusion,POCO FRECUENTE,TRASTORNOS PSIQUIÁTRICOS
75005,LEVETIRACETAM CINFA 1000 mg COMPRIMIDOS RECUBIERTOS CON PELICULA EFG,LEVETIRACETAM,insomnio,FRECUENTE,TRASTORNOS PSIQUIÁTRICOS
75005,LEVETIRACETAM CINFA 1000 mg COMPRIMIDOS RECUBIERTOS CON PELICULA EFG,LEVETIRACETAM,Intento de suicidio,POCO FRECUENTE,TRASTORNOS PSIQUIÁTRICOS
75005,LEVETIRACETAM CINFA 1000 mg COMPRIMIDOS RECUBIERTOS CON PELICULA EFG,LEVETIRACETAM,nerviosismo,FRECUENTE,TRASTORNOS PSIQUIÁTRICOS
75005,LEVETIRACETAM CINFA 1000 mg COMPRIMIDOS RECUBIERTOS CON PELICULA EFG,LEVETIRACETAM,Suicidio,NO FRECUENTE,TRASTORNOS PSIQUIÁTRICOS
75005,LEVETIRACETAM CINFA 1000 MG COMPRIMIDOS RECUBIERTOS CON PELICULA EFG,LEVETIRACETAM,trastornos de personalidad,NO FRECUENTE,TRASTORNOS PSIQUIÁTRICOS
75614,LEVOFLOXACINO CINFA 500 mg COMPRIMIDOS RECUBIERTOS CON PELICULA EFG,LEVOFLOXACINO ,Aumento de bilirrubina en sangre,POCO FRECUENTE,EXPLORACIONES COMPLEMENTARIAS
75614,LEVOFLOXACINO CINFA 500 mg COMPRIMIDOS RECUBIERTOS CON PELICULA EFG,LEVOFLOXACINO ,Aumento de enzimas hepáticas,FRECUENTE,EXPLORACIONES COMPLEMENTARIAS
75614,LEVOFLOXACINO CINFA 500 mg COMPRIMIDOS RECUBIERTOS CON PELICULA EFG,LEVOFLOXACINO ,Aumento de la creatinina en sangre,POCO FRECUENTE,EXPLORACIONES COMPLEMENTARIAS
75614,LEVOFLOXACINO CINFA 500 mg COMPRIMIDOS RECUBIERTOS CON PELICULA EFG,LEVOFLOXACINO ,Infecciones fúngicas,POCO FRECUENTE,INFECCIONES E INFESTACIONES
75614,LEVOFLOXACINO CINFA 500 mg COMPRIMIDOS RECUBIERTOS CON PELICULA EFG,LEVOFLOXACINO ,Resistencia a patógenos ,POCO FRECUENTE,INFECCIONES E INFESTACIONES
75614,LEVOFLOXACINO CINFA 500 mg COMPRIMIDOS RECUBIERTOS CON PELICULA EFG,LEVOFLOXACINO ,Agranulocitosis,SIN FRECUENCIA,TRASTORNOS DE LA SANGRE Y ÓRGANOS HEMATOPOYÉTICOS
75614,LEVOFLOXACINO CINFA 500 mg COMPRIMIDOS RECUBIERTOS CON PELICULA EFG,LEVOFLOXACINO ,Anemia aplásica,SIN FRECUENCIA,TRASTORNOS DE LA SANGRE Y ÓRGANOS HEMATOPOYÉTICOS
75614,LEVOFLOXACINO CINFA 500 mg COMPRIMIDOS RECUBIERTOS CON PELICULA EFG,LEVOFLOXACINO ,Anemia hemolítica,SIN FRECUENCIA,TRASTORNOS DE LA SANGRE Y ÓRGANOS HEMATOPOYÉTICOS
75614,LEVOFLOXACINO CINFA 500 mg COMPRIMIDOS RECUBIERTOS CON PELICULA EFG,LEVOFLOXACINO ,Eosinofilia,POCO FRECUENTE,TRASTORNOS DE LA SANGRE Y ÓRGANOS HEMATOPOYÉTICOS
75614,LEVOFLOXACINO CINFA 500 mg COMPRIMIDOS RECUBIERTOS CON PELICULA EFG,LEVOFLOXACINO ,Insuficiencia de la médula ósea,SIN FRECUENCIA,TRASTORNOS DE LA SANGRE Y ÓRGANOS HEMATOPOYÉTICOS
75614,LEVOFLOXACINO CINFA 500 mg COMPRIMIDOS RECUBIERTOS CON PELICULA EFG,LEVOFLOXACINO ,Leucopenia,POCO FRECUENTE,TRASTORNOS DE LA SANGRE Y ÓRGANOS HEMATOPOYÉTICOS
75614,LEVOFLOXACINO CINFA 500 mg COMPRIMIDOS RECUBIERTOS CON PELICULA EFG,LEVOFLOXACINO ,Neutropenia,NO FRECUENTE,TRASTORNOS DE LA SANGRE Y ÓRGANOS HEMATOPOYÉTICOS
75614,LEVOFLOXACINO CINFA 500 mg COMPRIMIDOS RECUBIERTOS CON PELICULA EFG,LEVOFLOXACINO ,Pancitopenia,SIN FRECUENCIA,TRASTORNOS DE LA SANGRE Y ÓRGANOS HEMATOPOYÉTICOS
75614,LEVOFLOXACINO CINFA 500 mg COMPRIMIDOS RECUBIERTOS CON PELICULA EFG,LEVOFLOXACINO ,Trombocitopenia,NO FRECUENTE,TRASTORNOS DE LA SANGRE Y ÓRGANOS HEMATOPOYÉTICOS
75614,LEVOFLOXACINO CINFA 500 mg COMPRIMIDOS RECUBIERTOS CON PELICULA EFG,LEVOFLOXACINO ,Alteraciones visuales tales como visión borrosa,NO FRECUENTE,TRASTORNOS DE ÓRGANOS DE LOS SENTIDOS
75614,LEVOFLOXACINO CINFA 500 mg COMPRIMIDOS RECUBIERTOS CON PELICULA EFG,LEVOFLOXACINO ,Deficiencia auditiva,SIN FRECUENCIA,TRASTORNOS DE ÓRGANOS DE LOS SENTIDOS
75614,LEVOFLOXACINO CINFA 500 mg COMPRIMIDOS RECUBIERTOS CON PELICULA EFG,LEVOFLOXACINO ,Pérdida de audición,SIN FRECUENCIA,TRASTORNOS DE ÓRGANOS DE LOS SENTIDOS
75614,LEVOFLOXACINO CINFA 500 mg COMPRIMIDOS RECUBIERTOS CON PELICULA EFG,LEVOFLOXACINO ,Pérdida transitoria de la visión,SIN FRECUENCIA,TRASTORNOS DE ÓRGANOS DE LOS SENTIDOS
75614,LEVOFLOXACINO CINFA 500 mg COMPRIMIDOS RECUBIERTOS CON PELICULA EFG,LEVOFLOXACINO ,Tinnitus,NO FRECUENTE,TRASTORNOS DE ÓRGANOS DE LOS SENTIDOS
75614,LEVOFLOXACINO CINFA 500 mg COMPRIMIDOS RECUBIERTOS CON PELICULA EFG,LEVOFLOXACINO ,Uveítis,SIN FRECUENCIA,TRASTORNOS DE ÓRGANOS DE LOS SENTIDOS
75614,LEVOFLOXACINO CINFA 500 mg COMPRIMIDOS RECUBIERTOS CON PELICULA EFG,LEVOFLOXACINO ,Vértigo,POCO FRECUENTE,TRASTORNOS DE ÓRGANOS DE LOS SENTIDOS
75614,LEVOFLOXACINO CINFA 500 mg COMPRIMIDOS RECUBIERTOS CON PELICULA EFG,LEVOFLOXACINO ,Eritema multiforme,SIN FRECUENCIA,TRASTORNOS DE PIEL Y TEJIDOS
75614,LEVOFLOXACINO CINFA 500 mg COMPRIMIDOS RECUBIERTOS CON PELICULA EFG,LEVOFLOXACINO ,Erupción fija medicamentosa,NO FRECUENTE,TRASTORNOS DE PIEL Y TEJIDOS
75614,LEVOFLOXACINO CINFA 500 mg COMPRIMIDOS RECUBIERTOS CON PELICULA EFG,LEVOFLOXACINO ,Estomatitis,SIN FRECUENCIA,TRASTORNOS DE PIEL Y TEJIDOS
75614,LEVOFLOXACINO CINFA 500 mg COMPRIMIDOS RECUBIERTOS CON PELICULA EFG,LEVOFLOXACINO ,Exantema,POCO FRECUENTE,TRASTORNOS DE PIEL Y TEJIDOS
75614,LEVOFLOXACINO CINFA 500 mg COMPRIMIDOS RECUBIERTOS CON PELICULA EFG,LEVOFLOXACINO ,Hiperihidrosis,POCO FRECUENTE,TRASTORNOS DE PIEL Y TEJIDOS
75614,LEVOFLOXACINO CINFA 500 mg COMPRIMIDOS RECUBIERTOS CON PELICULA EFG,LEVOFLOXACINO ,Hiperpigmentación de la piel,SIN FRECUENCIA,TRASTORNOS DE PIEL Y TEJIDOS
75614,LEVOFLOXACINO CINFA 500 mg COMPRIMIDOS RECUBIERTOS CON PELICULA EFG,LEVOFLOXACINO ,Necrólisis epidérmica tóxica,SIN FRECUENCIA,TRASTORNOS DE PIEL Y TEJIDOS
75614,LEVOFLOXACINO CINFA 500 mg COMPRIMIDOS RECUBIERTOS CON PELICULA EFG,LEVOFLOXACINO ,Prurito,POCO FRECUENTE,TRASTORNOS DE PIEL Y TEJIDOS
75614,LEVOFLOXACINO CINFA 500 mg COMPRIMIDOS RECUBIERTOS CON PELICULA EFG,LEVOFLOXACINO ,Reacción a fármaco con eosinofilia y síntomas sistémicos (DRESS),NO FRECUENTE,TRASTORNOS DE PIEL Y TEJIDOS
75614,LEVOFLOXACINO CINFA 500 mg COMPRIMIDOS RECUBIERTOS CON PELICULA EFG,LEVOFLOXACINO ,Reacción de fotosensibilidad,SIN FRECUENCIA,TRASTORNOS DE PIEL Y TEJIDOS
75614,LEVOFLOXACINO CINFA 500 mg COMPRIMIDOS RECUBIERTOS CON PELICULA EFG,LEVOFLOXACINO ,Síndrome de Stevens-Johnson,SIN FRECUENCIA,TRASTORNOS DE PIEL Y TEJIDOS
75614,LEVOFLOXACINO CINFA 500 mg COMPRIMIDOS RECUBIERTOS CON PELICULA EFG,LEVOFLOXACINO ,Urticaria,POCO FRECUENTE,TRASTORNOS DE PIEL Y TEJIDOS
75614,LEVOFLOXACINO CINFA 500 mg COMPRIMIDOS RECUBIERTOS CON PELICULA EFG,LEVOFLOXACINO ,Vasculitis leucocitoclástica,SIN FRECUENCIA,TRASTORNOS DE PIEL Y TEJIDOS
75614,LEVOFLOXACINO CINFA 500 mg COMPRIMIDOS RECUBIERTOS CON PELICULA EFG,LEVOFLOXACINO ,Anorexia,POCO FRECUENTE,TRASTORNOS DEL METABOLISMO Y LA NUTRICIÓN
75614,LEVOFLOXACINO CINFA 500 mg COMPRIMIDOS RECUBIERTOS CON PELICULA EFG,LEVOFLOXACINO ,Coma hipoglucémico,NO FRECUENTE,TRASTORNOS DEL METABOLISMO Y LA NUTRICIÓN
75614,LEVOFLOXACINO CINFA 500 mg COMPRIMIDOS RECUBIERTOS CON PELICULA EFG,LEVOFLOXACINO ,Hiperglucemia,SIN FRECUENCIA,TRASTORNOS DEL METABOLISMO Y LA NUTRICIÓN
75614,LEVOFLOXACINO CINFA 500 mg COMPRIMIDOS RECUBIERTOS CON PELICULA EFG,LEVOFLOXACINO ,Hipoglucemia,NO FRECUENTE,TRASTORNOS DEL METABOLISMO Y LA NUTRICIÓN
75614,LEVOFLOXACINO CINFA 500 mg COMPRIMIDOS RECUBIERTOS CON PELICULA EFG,LEVOFLOXACINO ,Arritmia ventricular,SIN FRECUENCIA,TRASTORNOS DEL SISTEMA CARDIOVASCULAR
75614,LEVOFLOXACINO CINFA 500 mg COMPRIMIDOS RECUBIERTOS CON PELICULA EFG,LEVOFLOXACINO ,Hipotensión,NO FRECUENTE,TRASTORNOS DEL SISTEMA CARDIOVASCULAR
75614,LEVOFLOXACINO CINFA 500 mg COMPRIMIDOS RECUBIERTOS CON PELICULA EFG,LEVOFLOXACINO ,Intérvalo QT prolongado en el electrocardiograma,SIN FRECUENCIA,TRASTORNOS DEL SISTEMA CARDIOVASCULAR
75614,LEVOFLOXACINO CINFA 500 mg COMPRIMIDOS RECUBIERTOS CON PELICULA EFG,LEVOFLOXACINO ,Palpitaciones ,NO FRECUENTE,TRASTORNOS DEL SISTEMA CARDIOVASCULAR
75614,LEVOFLOXACINO CINFA 500 mg COMPRIMIDOS RECUBIERTOS CON PELICULA EFG,LEVOFLOXACINO ,Taquicardia,NO FRECUENTE,TRASTORNOS DEL SISTEMA CARDIOVASCULAR
75614,LEVOFLOXACINO CINFA 500 mg COMPRIMIDOS RECUBIERTOS CON PELICULA EFG,LEVOFLOXACINO ,Taquicardia ventricular,SIN FRECUENCIA,TRASTORNOS DEL SISTEMA CARDIOVASCULAR
75614,LEVOFLOXACINO CINFA 500 mg COMPRIMIDOS RECUBIERTOS CON PELICULA EFG,LEVOFLOXACINO ,Torsade de pointes,SIN FRECUENCIA,TRASTORNOS DEL SISTEMA CARDIOVASCULAR
75614,LEVOFLOXACINO CINFA 500 mg COMPRIMIDOS RECUBIERTOS CON PELICULA EFG,LEVOFLOXACINO ,Diarrea,FRECUENTE,TRASTORNOS DEL SISTEMA DIGESTIVO
75614,LEVOFLOXACINO CINFA 500 mg COMPRIMIDOS RECUBIERTOS CON PELICULA EFG,LEVOFLOXACINO ,Diarrea hemorrágica,SIN FRECUENCIA,TRASTORNOS DEL SISTEMA DIGESTIVO
75614,LEVOFLOXACINO CINFA 500 mg COMPRIMIDOS RECUBIERTOS CON PELICULA EFG,LEVOFLOXACINO ,Dispepsia,POCO FRECUENTE,TRASTORNOS DEL SISTEMA DIGESTIVO
75614,LEVOFLOXACINO CINFA 500 mg COMPRIMIDOS RECUBIERTOS CON PELICULA EFG,LEVOFLOXACINO ,Dolor abdominal,POCO FRECUENTE,TRASTORNOS DEL SISTEMA DIGESTIVO
75614,LEVOFLOXACINO CINFA 500 mg COMPRIMIDOS RECUBIERTOS CON PELICULA EFG,LEVOFLOXACINO ,Enterocolitis pseudomembranosa,SIN FRECUENCIA,TRASTORNOS DEL SISTEMA DIGESTIVO
75614,LEVOFLOXACINO CINFA 500 mg COMPRIMIDOS RECUBIERTOS CON PELICULA EFG,LEVOFLOXACINO ,Estreñimiento,POCO FRECUENTE,TRASTORNOS DEL SISTEMA DIGESTIVO
75614,LEVOFLOXACINO CINFA 500 mg COMPRIMIDOS RECUBIERTOS CON PELICULA EFG,LEVOFLOXACINO ,Flatulencia,POCO FRECUENTE,TRASTORNOS DEL SISTEMA DIGESTIVO
75614,LEVOFLOXACINO CINFA 500 mg COMPRIMIDOS RECUBIERTOS CON PELICULA EFG,LEVOFLOXACINO ,Náuseas,FRECUENTE,TRASTORNOS DEL SISTEMA DIGESTIVO
75614,LEVOFLOXACINO CINFA 500 mg COMPRIMIDOS RECUBIERTOS CON PELICULA EFG,LEVOFLOXACINO ,Pancreatitis,SIN FRECUENCIA,TRASTORNOS DEL SISTEMA DIGESTIVO
75614,LEVOFLOXACINO CINFA 500 mg COMPRIMIDOS RECUBIERTOS CON PELICULA EFG,LEVOFLOXACINO ,Vómitos,FRECUENTE,TRASTORNOS DEL SISTEMA DIGESTIVO
75614,LEVOFLOXACINO CINFA 500 mg COMPRIMIDOS RECUBIERTOS CON PELICULA EFG,LEVOFLOXACINO ,Sindrome de secreción inadecuada de la hormona antidiurética,NO FRECUENTE,TRASTORNOS DEL SISTEMA ENDOCRINO
75614,LEVOFLOXACINO CINFA 500 mg COMPRIMIDOS RECUBIERTOS CON PELICULA EFG,LEVOFLOXACINO ,Insuficiencia renal aguda,NO FRECUENTE,TRASTORNOS DEL SISTEMA EXCRETOR
75614,LEVOFLOXACINO CINFA 500 mg COMPRIMIDOS RECUBIERTOS CON PELICULA EFG,LEVOFLOXACINO ,Astenia,POCO FRECUENTE,TRASTORNOS DEL SISTEMA GENERAL
75614,LEVOFLOXACINO CINFA 500 mg COMPRIMIDOS RECUBIERTOS CON PELICULA EFG,LEVOFLOXACINO ,Dolor,SIN FRECUENCIA,TRASTORNOS DEL SISTEMA GENERAL
75614,LEVOFLOXACINO CINFA 500 mg COMPRIMIDOS RECUBIERTOS CON PELICULA EFG,LEVOFLOXACINO ,Pirexia,NO FRECUENTE,TRASTORNOS DEL SISTEMA GENERAL
75614,LEVOFLOXACINO CINFA 500 mg COMPRIMIDOS RECUBIERTOS CON PELICULA EFG,LEVOFLOXACINO ,Daño hepático grave,SIN FRECUENCIA,TRASTORNOS DEL SISTEMA HEPATOBILIAR
75614,LEVOFLOXACINO CINFA 500 mg COMPRIMIDOS RECUBIERTOS CON PELICULA EFG,LEVOFLOXACINO ,Hepatitis,SIN FRECUENCIA,TRASTORNOS DEL SISTEMA HEPATOBILIAR
75614,LEVOFLOXACINO CINFA 500 mg COMPRIMIDOS RECUBIERTOS CON PELICULA EFG,LEVOFLOXACINO ,Ictericia,SIN FRECUENCIA,TRASTORNOS DEL SISTEMA HEPATOBILIAR
75614,LEVOFLOXACINO CINFA 500 mg COMPRIMIDOS RECUBIERTOS CON PELICULA EFG,LEVOFLOXACINO ,Insuficiencia hepática aguda fulminante,SIN FRECUENCIA,TRASTORNOS DEL SISTEMA HEPATOBILIAR
75614,LEVOFLOXACINO CINFA 500 mg COMPRIMIDOS RECUBIERTOS CON PELICULA EFG,LEVOFLOXACINO ,Angioedema,NO FRECUENTE,TRASTORNOS DEL SISTEMA INMUNOLÓGICO
75614,LEVOFLOXACINO CINFA 500 mg COMPRIMIDOS RECUBIERTOS CON PELICULA EFG,LEVOFLOXACINO ,Hipersensibilidad,NO FRECUENTE,TRASTORNOS DEL SISTEMA INMUNOLÓGICO
75614,LEVOFLOXACINO CINFA 500 mg COMPRIMIDOS RECUBIERTOS CON PELICULA EFG,LEVOFLOXACINO ,Artralgia,POCO FRECUENTE,TRASTORNOS DEL SISTEMA MÚSCULO-ESQUELÉTICO
75614,LEVOFLOXACINO CINFA 500 mg COMPRIMIDOS RECUBIERTOS CON PELICULA EFG,LEVOFLOXACINO ,Artritis,SIN FRECUENCIA,TRASTORNOS DEL SISTEMA MÚSCULO-ESQUELÉTICO
75614,LEVOFLOXACINO CINFA 500 mg COMPRIMIDOS RECUBIERTOS CON PELICULA EFG,LEVOFLOXACINO ,Debilidad muscular,NO FRECUENTE,TRASTORNOS DEL SISTEMA MÚSCULO-ESQUELÉTICO
75614,LEVOFLOXACINO CINFA 500 mg COMPRIMIDOS RECUBIERTOS CON PELICULA EFG,LEVOFLOXACINO ,Mialgia,POCO FRECUENTE,TRASTORNOS DEL SISTEMA MÚSCULO-ESQUELÉTICO
75614,LEVOFLOXACINO CINFA 500 mg COMPRIMIDOS RECUBIERTOS CON PELICULA EFG,LEVOFLOXACINO ,Rabdomiólisis,SIN FRECUENCIA,TRASTORNOS DEL SISTEMA MÚSCULO-ESQUELÉTICO
75614,LEVOFLOXACINO CINFA 500 mg COMPRIMIDOS RECUBIERTOS CON PELICULA EFG,LEVOFLOXACINO ,Rotura de ligamento,SIN FRECUENCIA,TRASTORNOS DEL SISTEMA MÚSCULO-ESQUELÉTICO
75614,LEVOFLOXACINO CINFA 500 mg COMPRIMIDOS RECUBIERTOS CON PELICULA EFG,LEVOFLOXACINO ,Rotura de tendón,SIN FRECUENCIA,TRASTORNOS DEL SISTEMA MÚSCULO-ESQUELÉTICO
75614,LEVOFLOXACINO CINFA 500 mg COMPRIMIDOS RECUBIERTOS CON PELICULA EFG,LEVOFLOXACINO ,Rotura muscular,SIN FRECUENCIA,TRASTORNOS DEL SISTEMA MÚSCULO-ESQUELÉTICO
75614,LEVOFLOXACINO CINFA 500 mg COMPRIMIDOS RECUBIERTOS CON PELICULA EFG,LEVOFLOXACINO ,Trastornos del tendón incluyendo tendinitis,NO FRECUENTE,TRASTORNOS DEL SISTEMA MÚSCULO-ESQUELÉTICO
75614,LEVOFLOXACINO CINFA 500 mg COMPRIMIDOS RECUBIERTOS CON PELICULA EFG,LEVOFLOXACINO ,Ageusia,SIN FRECUENCIA,TRASTORNOS DEL SISTEMA NERVIOSO
75614,LEVOFLOXACINO CINFA 500 mg COMPRIMIDOS RECUBIERTOS CON PELICULA EFG,LEVOFLOXACINO ,Anosmia,SIN FRECUENCIA,TRASTORNOS DEL SISTEMA NERVIOSO
75614,LEVOFLOXACINO CINFA 500 mg COMPRIMIDOS RECUBIERTOS CON PELICULA EFG,LEVOFLOXACINO ,Cefalea,FRECUENTE,TRASTORNOS DEL SISTEMA NERVIOSO
75614,LEVOFLOXACINO CINFA 500 mg COMPRIMIDOS RECUBIERTOS CON PELICULA EFG,LEVOFLOXACINO ,Convulsión,NO FRECUENTE,TRASTORNOS DEL SISTEMA NERVIOSO
75614,LEVOFLOXACINO CINFA 500 mg COMPRIMIDOS RECUBIERTOS CON PELICULA EFG,LEVOFLOXACINO ,Deterioro de la memoria,NO FRECUENTE,TRASTORNOS DEL SISTEMA NERVIOSO
75614,LEVOFLOXACINO CINFA 500 mg COMPRIMIDOS RECUBIERTOS CON PELICULA EFG,LEVOFLOXACINO ,Discinesia,SIN FRECUENCIA,TRASTORNOS DEL SISTEMA NERVIOSO
75614,LEVOFLOXACINO CINFA 500 mg COMPRIMIDOS RECUBIERTOS CON PELICULA EFG,LEVOFLOXACINO ,Disgeusia,POCO FRECUENTE,TRASTORNOS DEL SISTEMA NERVIOSO
75614,LEVOFLOXACINO CINFA 500 mg COMPRIMIDOS RECUBIERTOS CON PELICULA EFG,LEVOFLOXACINO ,Hipertensión intracraneal benigna,SIN FRECUENCIA,TRASTORNOS DEL SISTEMA NERVIOSO
75614,LEVOFLOXACINO CINFA 500 mg COMPRIMIDOS RECUBIERTOS CON PELICULA EFG,LEVOFLOXACINO ,Mareo ,FRECUENTE,TRASTORNOS DEL SISTEMA NERVIOSO
75614,LEVOFLOXACINO CINFA 500 mg COMPRIMIDOS RECUBIERTOS CON PELICULA EFG,LEVOFLOXACINO ,Mioclonía,SIN FRECUENCIA,TRASTORNOS DEL SISTEMA NERVIOSO
75614,LEVOFLOXACINO CINFA 500 mg COMPRIMIDOS RECUBIERTOS CON PELICULA EFG,LEVOFLOXACINO ,Neuropatía periférica sensitiva,SIN FRECUENCIA,TRASTORNOS DEL SISTEMA NERVIOSO
75614,LEVOFLOXACINO CINFA 500 mg COMPRIMIDOS RECUBIERTOS CON PELICULA EFG,LEVOFLOXACINO ,Neuropatía periférica sensitivo-motora,SIN FRECUENCIA,TRASTORNOS DEL SISTEMA NERVIOSO
75614,LEVOFLOXACINO CINFA 500 mg COMPRIMIDOS RECUBIERTOS CON PELICULA EFG,LEVOFLOXACINO ,Parestesia,NO FRECUENTE,TRASTORNOS DEL SISTEMA NERVIOSO
75614,LEVOFLOXACINO CINFA 500 mg COMPRIMIDOS RECUBIERTOS CON PELICULA EFG,LEVOFLOXACINO ,Parosmia,SIN FRECUENCIA,TRASTORNOS DEL SISTEMA NERVIOSO
75614,LEVOFLOXACINO CINFA 500 mg COMPRIMIDOS RECUBIERTOS CON PELICULA EFG,LEVOFLOXACINO ,Síncope,SIN FRECUENCIA,TRASTORNOS DEL SISTEMA NERVIOSO
75614,LEVOFLOXACINO CINFA 500 mg COMPRIMIDOS RECUBIERTOS CON PELICULA EFG,LEVOFLOXACINO ,Somnolencia,POCO FRECUENTE,TRASTORNOS DEL SISTEMA NERVIOSO
75614,LEVOFLOXACINO CINFA 500 mg COMPRIMIDOS RECUBIERTOS CON PELICULA EFG,LEVOFLOXACINO ,Temblor,POCO FRECUENTE,TRASTORNOS DEL SISTEMA NERVIOSO
75614,LEVOFLOXACINO CINFA 500 mg COMPRIMIDOS RECUBIERTOS CON PELICULA EFG,LEVOFLOXACINO ,Trastorno extrapiramidal,SIN FRECUENCIA,TRASTORNOS DEL SISTEMA NERVIOSO
75614,LEVOFLOXACINO CINFA 500 mg COMPRIMIDOS RECUBIERTOS CON PELICULA EFG,LEVOFLOXACINO ,Broncoespasmo ,SIN FRECUENCIA,TRASTORNOS DEL SISTEMA RESPIRATORIO
75614,LEVOFLOXACINO CINFA 500 mg COMPRIMIDOS RECUBIERTOS CON PELICULA EFG,LEVOFLOXACINO ,Disnea,POCO FRECUENTE,TRASTORNOS DEL SISTEMA RESPIRATORIO
75614,LEVOFLOXACINO CINFA 500 mg COMPRIMIDOS RECUBIERTOS CON PELICULA EFG,LEVOFLOXACINO ,Neumonitis alérgica,SIN FRECUENCIA,TRASTORNOS DEL SISTEMA RESPIRATORIO
75614,LEVOFLOXACINO CINFA 500 mg COMPRIMIDOS RECUBIERTOS CON PELICULA EFG,LEVOFLOXACINO ,Agitación,NO FRECUENTE,TRASTORNOS PSIQUIÁTRICOS
75614,LEVOFLOXACINO CINFA 500 mg COMPRIMIDOS RECUBIERTOS CON PELICULA EFG,LEVOFLOXACINO ,Ansiedad,POCO FRECUENTE,TRASTORNOS PSIQUIÁTRICOS
75614,LEVOFLOXACINO CINFA 500 mg COMPRIMIDOS RECUBIERTOS CON PELICULA EFG,LEVOFLOXACINO ,Delirio,NO FRECUENTE,TRASTORNOS PSIQUIÁTRICOS
75614,LEVOFLOXACINO CINFA 500 mg COMPRIMIDOS RECUBIERTOS CON PELICULA EFG,LEVOFLOXACINO ,Depresión,NO FRECUENTE,TRASTORNOS PSIQUIÁTRICOS
75614,LEVOFLOXACINO CINFA 500 mg COMPRIMIDOS RECUBIERTOS CON PELICULA EFG,LEVOFLOXACINO ,Estado de confusión,POCO FRECUENTE,TRASTORNOS PSIQUIÁTRICOS
75614,LEVOFLOXACINO CINFA 500 mg COMPRIMIDOS RECUBIERTOS CON PELICULA EFG,LEVOFLOXACINO ,Insomnio,FRECUENTE,TRASTORNOS PSIQUIÁTRICOS
75614,LEVOFLOXACINO CINFA 500 mg COMPRIMIDOS RECUBIERTOS CON PELICULA EFG,LEVOFLOXACINO ,Manía,SIN FRECUENCIA,TRASTORNOS PSIQUIÁTRICOS
75614,LEVOFLOXACINO CINFA 500 mg COMPRIMIDOS RECUBIERTOS CON PELICULA EFG,LEVOFLOXACINO ,Nerviosismo,POCO FRECUENTE,TRASTORNOS PSIQUIÁTRICOS
75614,LEVOFLOXACINO CINFA 500 mg COMPRIMIDOS RECUBIERTOS CON PELICULA EFG,LEVOFLOXACINO ,Pesadillas,NO FRECUENTE,TRASTORNOS PSIQUIÁTRICOS
75614,LEVOFLOXACINO CINFA 500 mg COMPRIMIDOS RECUBIERTOS CON PELICULA EFG,LEVOFLOXACINO ,Reacciones psicóticas,NO FRECUENTE,TRASTORNOS PSIQUIÁTRICOS
75614,LEVOFLOXACINO CINFA 500 mg COMPRIMIDOS RECUBIERTOS CON PELICULA EFG,LEVOFLOXACINO ,"Reacciones psicóticas con comportamiento autolesivo, incluyendo ideas suicidas o intentos de suicidio",SIN FRECUENCIA,TRASTORNOS PSIQUIÁTRICOS
75614,LEVOFLOXACINO CINFA 500 mg COMPRIMIDOS RECUBIERTOS CON PELICULA EFG,LEVOFLOXACINO ,Sueños anómalos,NO FRECUENTE,TRASTORNOS PSIQUIÁTRICOS
78903,BISOPROLOL CINFA 5 MG COMPRIMIDOS EFG,BISOPROLOL FUMARATO,"Aumento de las enzimas hepáticas (AST, ALT)",NO FRECUENTE,EXPLORACIONES  COMPLEMENTARIAS
78903,BISOPROLOL CINFA 5 MG COMPRIMIDOS EFG,BISOPROLOL FUMARATO,Aumento de los triglicéridos,NO FRECUENTE,EXPLORACIONES  COMPLEMENTARIAS
78903,BISOPROLOL CINFA 5 MG COMPRIMIDOS EFG,BISOPROLOL FUMARATO,Conjuntivitis,SIN FRECUENCIA,TRASTORNOS DE ÓRGANOS DE LOS SENTIDOS
78903,BISOPROLOL CINFA 5 MG COMPRIMIDOS EFG,BISOPROLOL FUMARATO,Deterioro de la audición,NO FRECUENTE,TRASTORNOS DE ÓRGANOS DE LOS SENTIDOS
78903,BISOPROLOL CINFA 5 MG COMPRIMIDOS EFG,BISOPROLOL FUMARATO,Disminución de la producción de lágrimas (a tener en cuenta si se utiliza lentes de contacto),NO FRECUENTE,TRASTORNOS DE ÓRGANOS DE LOS SENTIDOS
78903,BISOPROLOL CINFA 5 MG COMPRIMIDOS EFG,BISOPROLOL FUMARATO,Alopecia,SIN FRECUENCIA,TRASTORNOS DE PIEL Y TEJIDOS
78903,BISOPROLOL CINFA 5 MG COMPRIMIDOS EFG,BISOPROLOL FUMARATO,Erupciones similares a la psoriasis,SIN FRECUENCIA,TRASTORNOS DE PIEL Y TEJIDOS
78903,BISOPROLOL CINFA 5 MG COMPRIMIDOS EFG,BISOPROLOL FUMARATO,Hipersensibilidad,NO FRECUENTE,TRASTORNOS DE PIEL Y TEJIDOS
78903,BISOPROLOL CINFA 5 MG COMPRIMIDOS EFG,BISOPROLOL FUMARATO,prurito,NO FRECUENTE,TRASTORNOS DE PIEL Y TEJIDOS
78903,BISOPROLOL CINFA 5 MG COMPRIMIDOS EFG,BISOPROLOL FUMARATO,angioedema,NO FRECUENTE,TRASTORNOS DE PIEL Y TEJIDOS
78903,BISOPROLOL CINFA 5 MG COMPRIMIDOS EFG,BISOPROLOL FUMARATO,erupción cutánea,NO FRECUENTE,TRASTORNOS DE PIEL Y TEJIDOS
78903,BISOPROLOL CINFA 5 MG COMPRIMIDOS EFG,BISOPROLOL FUMARATO,rubefacción,NO FRECUENTE,TRASTORNOS DE PIEL Y TEJIDOS
78903,BISOPROLOL CINFA 5 MG COMPRIMIDOS EFG,BISOPROLOL FUMARATO,Psoriasis,SIN FRECUENCIA,TRASTORNOS DE PIEL Y TEJIDOS
78903,BISOPROLOL CINFA 5 MG COMPRIMIDOS EFG,BISOPROLOL FUMARATO,Alteraciones de la conducción AV,POCO FRECUENTE,TRASTORNOS DEL SISTEMA CARDIOVASCULAR
78903,BISOPROLOL CINFA 5 MG COMPRIMIDOS EFG,BISOPROLOL FUMARATO,Bradicardia,MUY FRECUENTE,TRASTORNOS DEL SISTEMA CARDIOVASCULAR
78903,BISOPROLOL CINFA 5 MG COMPRIMIDOS EFG,BISOPROLOL FUMARATO,Hipotensión,FRECUENTE,TRASTORNOS DEL SISTEMA CARDIOVASCULAR
78903,BISOPROLOL CINFA 5 MG COMPRIMIDOS EFG,BISOPROLOL FUMARATO,Hipotensión ortostática,POCO FRECUENTE,TRASTORNOS DEL SISTEMA CARDIOVASCULAR
78903,BISOPROLOL CINFA 5 MG COMPRIMIDOS EFG,BISOPROLOL FUMARATO,Insuficiencia cardiaca descompensada,FRECUENTE,TRASTORNOS DEL SISTEMA CARDIOVASCULAR
78903,BISOPROLOL CINFA 5 MG COMPRIMIDOS EFG,BISOPROLOL FUMARATO,Sensación de frío,FRECUENTE,TRASTORNOS DEL SISTEMA CARDIOVASCULAR
78903,BISOPROLOL CINFA 5 MG COMPRIMIDOS EFG,BISOPROLOL FUMARATO,entumecimiento de extremidades,FRECUENTE,TRASTORNOS DEL SISTEMA CARDIOVASCULAR
78903,BISOPROLOL CINFA 5 MG COMPRIMIDOS EFG,BISOPROLOL FUMARATO,Diarrea,FRECUENTE,TRASTORNOS DEL SISTEMA DIGESTIVO
78903,BISOPROLOL CINFA 5 MG COMPRIMIDOS EFG,BISOPROLOL FUMARATO,Estreñimiento,FRECUENTE,TRASTORNOS DEL SISTEMA DIGESTIVO
78903,BISOPROLOL CINFA 5 MG COMPRIMIDOS EFG,BISOPROLOL FUMARATO,Hepatitis,NO FRECUENTE,TRASTORNOS DEL SISTEMA DIGESTIVO
78903,BISOPROLOL CINFA 5 MG COMPRIMIDOS EFG,BISOPROLOL FUMARATO,Náuseas,FRECUENTE,TRASTORNOS DEL SISTEMA DIGESTIVO
78903,BISOPROLOL CINFA 5 MG COMPRIMIDOS EFG,BISOPROLOL FUMARATO,Vómitos,FRECUENTE,TRASTORNOS DEL SISTEMA DIGESTIVO
78903,BISOPROLOL CINFA 5 MG COMPRIMIDOS EFG,BISOPROLOL FUMARATO,Astenia,FRECUENTE,TRASTORNOS DEL SISTEMA GENERAL
78903,BISOPROLOL CINFA 5 MG COMPRIMIDOS EFG,BISOPROLOL FUMARATO,Fatiga,FRECUENTE,TRASTORNOS DEL SISTEMA GENERAL
78903,BISOPROLOL CINFA 5 MG COMPRIMIDOS EFG,BISOPROLOL FUMARATO,Calambres,POCO FRECUENTE,TRASTORNOS DEL SISTEMA MÚSCULO-ESQUELÉTICO
78903,BISOPROLOL CINFA 5 MG COMPRIMIDOS EFG,BISOPROLOL FUMARATO,Debilidad muscular,POCO FRECUENTE,TRASTORNOS DEL SISTEMA MÚSCULO-ESQUELÉTICO
78903,BISOPROLOL CINFA 5 MG COMPRIMIDOS EFG,BISOPROLOL FUMARATO,Cefalea,FRECUENTE,TRASTORNOS DEL SISTEMA NERVIOSO
78903,BISOPROLOL CINFA 5 MG COMPRIMIDOS EFG,BISOPROLOL FUMARATO,Mareos,FRECUENTE,TRASTORNOS DEL SISTEMA NERVIOSO
78903,BISOPROLOL CINFA 5 MG COMPRIMIDOS EFG,BISOPROLOL FUMARATO,Síncope,NO FRECUENTE,TRASTORNOS DEL SISTEMA NERVIOSO
78903,BISOPROLOL CINFA 5 MG COMPRIMIDOS EFG,BISOPROLOL FUMARATO,Disfunción eréctil,NO FRECUENTE,TRASTORNOS DEL SISTEMA REPRODUCTOR
78903,BISOPROLOL CINFA 5 MG COMPRIMIDOS EFG,BISOPROLOL FUMARATO,obstrucción de las vías aéreas,POCO FRECUENTE,TRASTORNOS DEL SISTEMA RESPIRATORIO
78903,BISOPROLOL CINFA 5 MG COMPRIMIDOS EFG,BISOPROLOL FUMARATO,Broncoespasmo,POCO FRECUENTE,TRASTORNOS DEL SISTEMA RESPIRATORIO
78903,BISOPROLOL CINFA 5 MG COMPRIMIDOS EFG,BISOPROLOL FUMARATO,Rinitis alérgica,NO FRECUENTE,TRASTORNOS DEL SISTEMA RESPIRATORIO
78903,BISOPROLOL CINFA 5 MG COMPRIMIDOS EFG,BISOPROLOL FUMARATO,Alteraciones del sueño,POCO FRECUENTE,TRASTORNOS PSIQUIÁTRICOS
78903,BISOPROLOL CINFA 5 MG COMPRIMIDOS EFG,BISOPROLOL FUMARATO,Alucinación,NO FRECUENTE,TRASTORNOS PSIQUIÁTRICOS
78903,BISOPROLOL CINFA 5 MG COMPRIMIDOS EFG,BISOPROLOL FUMARATO,Depresión,POCO FRECUENTE,TRASTORNOS PSIQUIÁTRICOS
78903,BISOPROLOL CINFA 5 MG COMPRIMIDOS EFG,BISOPROLOL FUMARATO,Pesadillas,NO FRECUENTE,TRASTORNOS PSIQUIÁTRICOS
80368,LINEZOLID NORMON 600 MG COMPRIMIDOS RECUBIERTOS CON PELICULA EFG,LINEZOLID,Aumento de la amilasa ,FRECUENTE,EXPLORACIONES COMPLEMENTARIAS
80368,LINEZOLID NORMON 600 MG COMPRIMIDOS RECUBIERTOS CON PELICULA EFG,LINEZOLID,Aumento de la creatinquinasa,FRECUENTE,EXPLORACIONES COMPLEMENTARIAS
80368,LINEZOLID NORMON 600 MG COMPRIMIDOS RECUBIERTOS CON PELICULA EFG,LINEZOLID,Aumento de la glucemia no basal,FRECUENTE,EXPLORACIONES COMPLEMENTARIAS
80368,LINEZOLID NORMON 600 MG COMPRIMIDOS RECUBIERTOS CON PELICULA EFG,LINEZOLID,Aumento de la LDH,FRECUENTE,EXPLORACIONES COMPLEMENTARIAS
80368,LINEZOLID NORMON 600 MG COMPRIMIDOS RECUBIERTOS CON PELICULA EFG,LINEZOLID,Aumento de la lipasa,FRECUENTE,EXPLORACIONES COMPLEMENTARIAS
80368,LINEZOLID NORMON 600 MG COMPRIMIDOS RECUBIERTOS CON PELICULA EFG,LINEZOLID,Aumento del calcio,POCO FRECUENTE,EXPLORACIONES COMPLEMENTARIAS
80368,LINEZOLID NORMON 600 MG COMPRIMIDOS RECUBIERTOS CON PELICULA EFG,LINEZOLID,Aumento del recuento de reticulocitos,POCO FRECUENTE,EXPLORACIONES COMPLEMENTARIAS
80368,LINEZOLID NORMON 600 MG COMPRIMIDOS RECUBIERTOS CON PELICULA EFG,LINEZOLID,Aumento del sodio,POCO FRECUENTE,EXPLORACIONES COMPLEMENTARIAS
80368,LINEZOLID NORMON 600 MG COMPRIMIDOS RECUBIERTOS CON PELICULA EFG,LINEZOLID,Aumento o disminución del bicarbonato,FRECUENTE,EXPLORACIONES COMPLEMENTARIAS
80368,LINEZOLID NORMON 600 MG COMPRIMIDOS RECUBIERTOS CON PELICULA EFG,LINEZOLID,Aumento o disminución del potasio,FRECUENTE,EXPLORACIONES COMPLEMENTARIAS
80368,LINEZOLID NORMON 600 MG COMPRIMIDOS RECUBIERTOS CON PELICULA EFG,LINEZOLID,Aumento o disminución del recuento de plaquetas,FRECUENTE,EXPLORACIONES COMPLEMENTARIAS
80368,LINEZOLID NORMON 600 MG COMPRIMIDOS RECUBIERTOS CON PELICULA EFG,LINEZOLID,Aumento o disminucipón del cloruro,POCO FRECUENTE,EXPLORACIONES COMPLEMENTARIAS
80368,LINEZOLID NORMON 600 MG COMPRIMIDOS RECUBIERTOS CON PELICULA EFG,LINEZOLID,Aumento o disminucipon del recuento de leucocitos,FRECUENTE,EXPLORACIONES COMPLEMENTARIAS
80368,LINEZOLID NORMON 600 MG COMPRIMIDOS RECUBIERTOS CON PELICULA EFG,LINEZOLID,Eosinofilia,FRECUENTE,EXPLORACIONES COMPLEMENTARIAS
80368,LINEZOLID NORMON 600 MG COMPRIMIDOS RECUBIERTOS CON PELICULA EFG,LINEZOLID,Neutrofilia ,FRECUENTE,EXPLORACIONES COMPLEMENTARIAS
80368,LINEZOLID NORMON 600 MG COMPRIMIDOS RECUBIERTOS CON PELICULA EFG,LINEZOLID,Candidiasis ,FRECUENTE,INFECCIONES E INFESTACIONES
80368,LINEZOLID NORMON 600 MG COMPRIMIDOS RECUBIERTOS CON PELICULA EFG,LINEZOLID,Candidiasis oral,FRECUENTE,INFECCIONES E INFESTACIONES
80368,LINEZOLID NORMON 600 MG COMPRIMIDOS RECUBIERTOS CON PELICULA EFG,LINEZOLID,Candidiasis vaginal,FRECUENTE,INFECCIONES E INFESTACIONES
80368,LINEZOLID NORMON 600 MG COMPRIMIDOS RECUBIERTOS CON PELICULA EFG,LINEZOLID,Colitis asociada a antibióticos,POCO FRECUENTE,INFECCIONES E INFESTACIONES
80368,LINEZOLID NORMON 600 MG COMPRIMIDOS RECUBIERTOS CON PELICULA EFG,LINEZOLID,Colitis pseudomembranosa,POCO FRECUENTE,INFECCIONES E INFESTACIONES
80368,LINEZOLID NORMON 600 MG COMPRIMIDOS RECUBIERTOS CON PELICULA EFG,LINEZOLID,Infecciones fúngicas,FRECUENTE,INFECCIONES E INFESTACIONES
80368,LINEZOLID NORMON 600 MG COMPRIMIDOS RECUBIERTOS CON PELICULA EFG,LINEZOLID,Vaginitis,POCO FRECUENTE,INFECCIONES E INFESTACIONES
80368,LINEZOLID NORMON 600 MG COMPRIMIDOS RECUBIERTOS CON PELICULA EFG,LINEZOLID,Anemia,FRECUENTE,TRASTORNOS DE LA SANGRE Y ÓRGANOS HEMATOPOYÉTICOS
80368,LINEZOLID NORMON 600 MG COMPRIMIDOS RECUBIERTOS CON PELICULA EFG,LINEZOLID,Anemia sideroblástica,NO FRECUENTE,TRASTORNOS DE LA SANGRE Y ÓRGANOS HEMATOPOYÉTICOS
80368,LINEZOLID NORMON 600 MG COMPRIMIDOS RECUBIERTOS CON PELICULA EFG,LINEZOLID,DIsminución de hemoglobina,FRECUENTE,TRASTORNOS DE LA SANGRE Y ÓRGANOS HEMATOPOYÉTICOS
80368,LINEZOLID NORMON 600 MG COMPRIMIDOS RECUBIERTOS CON PELICULA EFG,LINEZOLID,Disminución de la albúmina,FRECUENTE,TRASTORNOS DE LA SANGRE Y ÓRGANOS HEMATOPOYÉTICOS
80368,LINEZOLID NORMON 600 MG COMPRIMIDOS RECUBIERTOS CON PELICULA EFG,LINEZOLID,Disminución de la glucemia no basal,POCO FRECUENTE,TRASTORNOS DE LA SANGRE Y ÓRGANOS HEMATOPOYÉTICOS
80368,LINEZOLID NORMON 600 MG COMPRIMIDOS RECUBIERTOS CON PELICULA EFG,LINEZOLID,Disminución de las proteínas totales,FRECUENTE,TRASTORNOS DE LA SANGRE Y ÓRGANOS HEMATOPOYÉTICOS
80368,LINEZOLID NORMON 600 MG COMPRIMIDOS RECUBIERTOS CON PELICULA EFG,LINEZOLID,Disminución del calcio,FRECUENTE,TRASTORNOS DE LA SANGRE Y ÓRGANOS HEMATOPOYÉTICOS
80368,LINEZOLID NORMON 600 MG COMPRIMIDOS RECUBIERTOS CON PELICULA EFG,LINEZOLID,Disminución del hematocrito,FRECUENTE,TRASTORNOS DE LA SANGRE Y ÓRGANOS HEMATOPOYÉTICOS
80368,LINEZOLID NORMON 600 MG COMPRIMIDOS RECUBIERTOS CON PELICULA EFG,LINEZOLID,Disminución del recuento de hematíes,FRECUENTE,TRASTORNOS DE LA SANGRE Y ÓRGANOS HEMATOPOYÉTICOS
80368,LINEZOLID NORMON 600 MG COMPRIMIDOS RECUBIERTOS CON PELICULA EFG,LINEZOLID,Disminución del sodio,FRECUENTE,TRASTORNOS DE LA SANGRE Y ÓRGANOS HEMATOPOYÉTICOS
80368,LINEZOLID NORMON 600 MG COMPRIMIDOS RECUBIERTOS CON PELICULA EFG,LINEZOLID,Eosinofilia,POCO FRECUENTE,TRASTORNOS DE LA SANGRE Y ÓRGANOS HEMATOPOYÉTICOS
80368,LINEZOLID NORMON 600 MG COMPRIMIDOS RECUBIERTOS CON PELICULA EFG,LINEZOLID,Leucopenia,POCO FRECUENTE,TRASTORNOS DE LA SANGRE Y ÓRGANOS HEMATOPOYÉTICOS
80368,LINEZOLID NORMON 600 MG COMPRIMIDOS RECUBIERTOS CON PELICULA EFG,LINEZOLID,Mielosupresión,SIN FRECUENCIA,TRASTORNOS DE LA SANGRE Y ÓRGANOS HEMATOPOYÉTICOS
80368,LINEZOLID NORMON 600 MG COMPRIMIDOS RECUBIERTOS CON PELICULA EFG,LINEZOLID,Neutropenia,POCO FRECUENTE,TRASTORNOS DE LA SANGRE Y ÓRGANOS HEMATOPOYÉTICOS
80368,LINEZOLID NORMON 600 MG COMPRIMIDOS RECUBIERTOS CON PELICULA EFG,LINEZOLID,Pancitopenia,POCO FRECUENTE,TRASTORNOS DE LA SANGRE Y ÓRGANOS HEMATOPOYÉTICOS
80368,LINEZOLID NORMON 600 MG COMPRIMIDOS RECUBIERTOS CON PELICULA EFG,LINEZOLID,Trombocitopenia,FRECUENTE,TRASTORNOS DE LA SANGRE Y ÓRGANOS HEMATOPOYÉTICOS
80368,LINEZOLID NORMON 600 MG COMPRIMIDOS RECUBIERTOS CON PELICULA EFG,LINEZOLID,Acúfenos,POCO FRECUENTE,TRASTORNOS DE ÓRGANOS DE LOS SENTIDOS
80368,LINEZOLID NORMON 600 MG COMPRIMIDOS RECUBIERTOS CON PELICULA EFG,LINEZOLID,Cambios anormales del campo visual,NO FRECUENTE,TRASTORNOS DE ÓRGANOS DE LOS SENTIDOS
80368,LINEZOLID NORMON 600 MG COMPRIMIDOS RECUBIERTOS CON PELICULA EFG,LINEZOLID,Cambios en la agudeza visual,SIN FRECUENCIA,TRASTORNOS DE ÓRGANOS DE LOS SENTIDOS
80368,LINEZOLID NORMON 600 MG COMPRIMIDOS RECUBIERTOS CON PELICULA EFG,LINEZOLID,Cambios en la visión del color,SIN FRECUENCIA,TRASTORNOS DE ÓRGANOS DE LOS SENTIDOS
80368,LINEZOLID NORMON 600 MG COMPRIMIDOS RECUBIERTOS CON PELICULA EFG,LINEZOLID,Neuritis óptica,SIN FRECUENCIA,TRASTORNOS DE ÓRGANOS DE LOS SENTIDOS
80368,LINEZOLID NORMON 600 MG COMPRIMIDOS RECUBIERTOS CON PELICULA EFG,LINEZOLID,Neuropatía óptica,POCO FRECUENTE,TRASTORNOS DE ÓRGANOS DE LOS SENTIDOS
80368,LINEZOLID NORMON 600 MG COMPRIMIDOS RECUBIERTOS CON PELICULA EFG,LINEZOLID,Pérdida de visión,SIN FRECUENCIA,TRASTORNOS DE ÓRGANOS DE LOS SENTIDOS
80368,LINEZOLID NORMON 600 MG COMPRIMIDOS RECUBIERTOS CON PELICULA EFG,LINEZOLID,Visión borrosa,POCO FRECUENTE,TRASTORNOS DE ÓRGANOS DE LOS SENTIDOS
80368,LINEZOLID NORMON 600 MG COMPRIMIDOS RECUBIERTOS CON PELICULA EFG,LINEZOLID,Alopecia,SIN FRECUENCIA,TRASTORNOS DE PIEL Y TEJIDOS
80368,LINEZOLID NORMON 600 MG COMPRIMIDOS RECUBIERTOS CON PELICULA EFG,LINEZOLID,Anafilaxia,NO FRECUENTE,TRASTORNOS DE PIEL Y TEJIDOS
80368,LINEZOLID NORMON 600 MG COMPRIMIDOS RECUBIERTOS CON PELICULA EFG,LINEZOLID,Angioedema ,POCO FRECUENTE,TRASTORNOS DE PIEL Y TEJIDOS
80368,LINEZOLID NORMON 600 MG COMPRIMIDOS RECUBIERTOS CON PELICULA EFG,LINEZOLID,Dermatitis,POCO FRECUENTE,TRASTORNOS DE PIEL Y TEJIDOS
80368,LINEZOLID NORMON 600 MG COMPRIMIDOS RECUBIERTOS CON PELICULA EFG,LINEZOLID,Dermatitis ampollosa,POCO FRECUENTE,TRASTORNOS DE PIEL Y TEJIDOS
80368,LINEZOLID NORMON 600 MG COMPRIMIDOS RECUBIERTOS CON PELICULA EFG,LINEZOLID,Diaforesis,POCO FRECUENTE,TRASTORNOS DE PIEL Y TEJIDOS
80368,LINEZOLID NORMON 600 MG COMPRIMIDOS RECUBIERTOS CON PELICULA EFG,LINEZOLID,Erupción cutánea,FRECUENTE,TRASTORNOS DE PIEL Y TEJIDOS
80368,LINEZOLID NORMON 600 MG COMPRIMIDOS RECUBIERTOS CON PELICULA EFG,LINEZOLID,Necrólisis epidérmica tóxica,NO FRECUENTE,TRASTORNOS DE PIEL Y TEJIDOS
80368,LINEZOLID NORMON 600 MG COMPRIMIDOS RECUBIERTOS CON PELICULA EFG,LINEZOLID,Prurito,FRECUENTE,TRASTORNOS DE PIEL Y TEJIDOS
80368,LINEZOLID NORMON 600 MG COMPRIMIDOS RECUBIERTOS CON PELICULA EFG,LINEZOLID,Síndrome de Stevens-Johnson,NO FRECUENTE,TRASTORNOS DE PIEL Y TEJIDOS
80368,LINEZOLID NORMON 600 MG COMPRIMIDOS RECUBIERTOS CON PELICULA EFG,LINEZOLID,Urticaria,POCO FRECUENTE,TRASTORNOS DE PIEL Y TEJIDOS
80368,LINEZOLID NORMON 600 MG COMPRIMIDOS RECUBIERTOS CON PELICULA EFG,LINEZOLID,Vascultis por hipersensibilidad,NO FRECUENTE,TRASTORNOS DE PIEL Y TEJIDOS
80368,LINEZOLID NORMON 600 MG COMPRIMIDOS RECUBIERTOS CON PELICULA EFG,LINEZOLID,Acidosis láctica,NO FRECUENTE,TRASTORNOS DEL METABOLISMO Y LA NUTRICIÓN
80368,LINEZOLID NORMON 600 MG COMPRIMIDOS RECUBIERTOS CON PELICULA EFG,LINEZOLID,Hiponatremia,POCO FRECUENTE,TRASTORNOS DEL METABOLISMO Y LA NUTRICIÓN
80368,LINEZOLID NORMON 600 MG COMPRIMIDOS RECUBIERTOS CON PELICULA EFG,LINEZOLID,Arritmia (taquicardia),POCO FRECUENTE,TRASTORNOS DEL SISTEMA CARDIOVASCULAR
80368,LINEZOLID NORMON 600 MG COMPRIMIDOS RECUBIERTOS CON PELICULA EFG,LINEZOLID,Ataques isquémicos transitorios,POCO FRECUENTE,TRASTORNOS DEL SISTEMA CARDIOVASCULAR
80368,LINEZOLID NORMON 600 MG COMPRIMIDOS RECUBIERTOS CON PELICULA EFG,LINEZOLID,Flebitis,POCO FRECUENTE,TRASTORNOS DEL SISTEMA CARDIOVASCULAR
80368,LINEZOLID NORMON 600 MG COMPRIMIDOS RECUBIERTOS CON PELICULA EFG,LINEZOLID,Hipertensión ,FRECUENTE,TRASTORNOS DEL SISTEMA CARDIOVASCULAR
80368,LINEZOLID NORMON 600 MG COMPRIMIDOS RECUBIERTOS CON PELICULA EFG,LINEZOLID,Tromboflebitis,POCO FRECUENTE,TRASTORNOS DEL SISTEMA CARDIOVASCULAR
80368,LINEZOLID NORMON 600 MG COMPRIMIDOS RECUBIERTOS CON PELICULA EFG,LINEZOLID,Boca seca,POCO FRECUENTE,TRASTORNOS DEL SISTEMA DIGESTIVO
80368,LINEZOLID NORMON 600 MG COMPRIMIDOS RECUBIERTOS CON PELICULA EFG,LINEZOLID,Decoloración de la superficie dental,NO FRECUENTE,TRASTORNOS DEL SISTEMA DIGESTIVO
80368,LINEZOLID NORMON 600 MG COMPRIMIDOS RECUBIERTOS CON PELICULA EFG,LINEZOLID,Diarrea,FRECUENTE,TRASTORNOS DEL SISTEMA DIGESTIVO
80368,LINEZOLID NORMON 600 MG COMPRIMIDOS RECUBIERTOS CON PELICULA EFG,LINEZOLID,Dispepsia,FRECUENTE,TRASTORNOS DEL SISTEMA DIGESTIVO
80368,LINEZOLID NORMON 600 MG COMPRIMIDOS RECUBIERTOS CON PELICULA EFG,LINEZOLID,Distensión abdominal,POCO FRECUENTE,TRASTORNOS DEL SISTEMA DIGESTIVO
80368,LINEZOLID NORMON 600 MG COMPRIMIDOS RECUBIERTOS CON PELICULA EFG,LINEZOLID,Dolor abdominal localizado o generalizado,FRECUENTE,TRASTORNOS DEL SISTEMA DIGESTIVO
80368,LINEZOLID NORMON 600 MG COMPRIMIDOS RECUBIERTOS CON PELICULA EFG,LINEZOLID,Estomatitis,POCO FRECUENTE,TRASTORNOS DEL SISTEMA DIGESTIVO
80368,LINEZOLID NORMON 600 MG COMPRIMIDOS RECUBIERTOS CON PELICULA EFG,LINEZOLID,Estreñimiento,FRECUENTE,TRASTORNOS DEL SISTEMA DIGESTIVO
80368,LINEZOLID NORMON 600 MG COMPRIMIDOS RECUBIERTOS CON PELICULA EFG,LINEZOLID,Gatritis,POCO FRECUENTE,TRASTORNOS DEL SISTEMA DIGESTIVO
80368,LINEZOLID NORMON 600 MG COMPRIMIDOS RECUBIERTOS CON PELICULA EFG,LINEZOLID,Glositis ,POCO FRECUENTE,TRASTORNOS DEL SISTEMA DIGESTIVO
80368,LINEZOLID NORMON 600 MG COMPRIMIDOS RECUBIERTOS CON PELICULA EFG,LINEZOLID,Heces blandas,POCO FRECUENTE,TRASTORNOS DEL SISTEMA DIGESTIVO
80368,LINEZOLID NORMON 600 MG COMPRIMIDOS RECUBIERTOS CON PELICULA EFG,LINEZOLID,Náuseas,FRECUENTE,TRASTORNOS DEL SISTEMA DIGESTIVO
80368,LINEZOLID NORMON 600 MG COMPRIMIDOS RECUBIERTOS CON PELICULA EFG,LINEZOLID,Pancreatitis,POCO FRECUENTE,TRASTORNOS DEL SISTEMA DIGESTIVO
80368,LINEZOLID NORMON 600 MG COMPRIMIDOS RECUBIERTOS CON PELICULA EFG,LINEZOLID,Trastorno o cambio del color de la lengua,POCO FRECUENTE,TRASTORNOS DEL SISTEMA DIGESTIVO
80368,LINEZOLID NORMON 600 MG COMPRIMIDOS RECUBIERTOS CON PELICULA EFG,LINEZOLID,Vómitos,FRECUENTE,TRASTORNOS DEL SISTEMA DIGESTIVO
80368,LINEZOLID NORMON 600 MG COMPRIMIDOS RECUBIERTOS CON PELICULA EFG,LINEZOLID,Fallo renal,POCO FRECUENTE,TRASTORNOS DEL SISTEMA EXCRETOR
80368,LINEZOLID NORMON 600 MG COMPRIMIDOS RECUBIERTOS CON PELICULA EFG,LINEZOLID,Incremento de la creatinina,POCO FRECUENTE,TRASTORNOS DEL SISTEMA EXCRETOR
80368,LINEZOLID NORMON 600 MG COMPRIMIDOS RECUBIERTOS CON PELICULA EFG,LINEZOLID,Incremento del BUN,FRECUENTE,TRASTORNOS DEL SISTEMA EXCRETOR
80368,LINEZOLID NORMON 600 MG COMPRIMIDOS RECUBIERTOS CON PELICULA EFG,LINEZOLID,Poliuria,POCO FRECUENTE,TRASTORNOS DEL SISTEMA EXCRETOR
80368,LINEZOLID NORMON 600 MG COMPRIMIDOS RECUBIERTOS CON PELICULA EFG,LINEZOLID,Dolor en la zona de inyección,POCO FRECUENTE,TRASTORNOS DEL SISTEMA GENERAL
80368,LINEZOLID NORMON 600 MG COMPRIMIDOS RECUBIERTOS CON PELICULA EFG,LINEZOLID,Dolor localizado,FRECUENTE,TRASTORNOS DEL SISTEMA GENERAL
80368,LINEZOLID NORMON 600 MG COMPRIMIDOS RECUBIERTOS CON PELICULA EFG,LINEZOLID,Escalofríos,POCO FRECUENTE,TRASTORNOS DEL SISTEMA GENERAL
80368,LINEZOLID NORMON 600 MG COMPRIMIDOS RECUBIERTOS CON PELICULA EFG,LINEZOLID,Fatiga,POCO FRECUENTE,TRASTORNOS DEL SISTEMA GENERAL
80368,LINEZOLID NORMON 600 MG COMPRIMIDOS RECUBIERTOS CON PELICULA EFG,LINEZOLID,Fiebre,FRECUENTE,TRASTORNOS DEL SISTEMA GENERAL
80368,LINEZOLID NORMON 600 MG COMPRIMIDOS RECUBIERTOS CON PELICULA EFG,LINEZOLID,Sed aumentada,POCO FRECUENTE,TRASTORNOS DEL SISTEMA GENERAL
80368,LINEZOLID NORMON 600 MG COMPRIMIDOS RECUBIERTOS CON PELICULA EFG,LINEZOLID,Incremento de la ALT,FRECUENTE,TRASTORNOS DEL SISTEMA HEPATOBILIAR
80368,LINEZOLID NORMON 600 MG COMPRIMIDOS RECUBIERTOS CON PELICULA EFG,LINEZOLID,Incremento de la AST,FRECUENTE,TRASTORNOS DEL SISTEMA HEPATOBILIAR
80368,LINEZOLID NORMON 600 MG COMPRIMIDOS RECUBIERTOS CON PELICULA EFG,LINEZOLID,Incremento de la bilirrubina total,POCO FRECUENTE,TRASTORNOS DEL SISTEMA HEPATOBILIAR
80368,LINEZOLID NORMON 600 MG COMPRIMIDOS RECUBIERTOS CON PELICULA EFG,LINEZOLID,Incremento de la fosfatasa alcalina,FRECUENTE,TRASTORNOS DEL SISTEMA HEPATOBILIAR
80368,LINEZOLID NORMON 600 MG COMPRIMIDOS RECUBIERTOS CON PELICULA EFG,LINEZOLID,Pruebas de función hepática anormales,FRECUENTE,TRASTORNOS DEL SISTEMA HEPATOBILIAR
80368,LINEZOLID NORMON 600 MG COMPRIMIDOS RECUBIERTOS CON PELICULA EFG,LINEZOLID,Cefalea,FRECUENTE,TRASTORNOS DEL SISTEMA NERVIOSO
80368,LINEZOLID NORMON 600 MG COMPRIMIDOS RECUBIERTOS CON PELICULA EFG,LINEZOLID,Convulsión,POCO FRECUENTE,TRASTORNOS DEL SISTEMA NERVIOSO
80368,LINEZOLID NORMON 600 MG COMPRIMIDOS RECUBIERTOS CON PELICULA EFG,LINEZOLID,Hipoestesia,POCO FRECUENTE,TRASTORNOS DEL SISTEMA NERVIOSO
80368,LINEZOLID NORMON 600 MG COMPRIMIDOS RECUBIERTOS CON PELICULA EFG,LINEZOLID,Mareos ,FRECUENTE,TRASTORNOS DEL SISTEMA NERVIOSO
80368,LINEZOLID NORMON 600 MG COMPRIMIDOS RECUBIERTOS CON PELICULA EFG,LINEZOLID,Neuropatía periférica,POCO FRECUENTE,TRASTORNOS DEL SISTEMA NERVIOSO
80368,LINEZOLID NORMON 600 MG COMPRIMIDOS RECUBIERTOS CON PELICULA EFG,LINEZOLID,Parestesia,POCO FRECUENTE,TRASTORNOS DEL SISTEMA NERVIOSO
80368,LINEZOLID NORMON 600 MG COMPRIMIDOS RECUBIERTOS CON PELICULA EFG,LINEZOLID,Percepción errónea del sabor (sabor metálico),FRECUENTE,TRASTORNOS DEL SISTEMA NERVIOSO
80368,LINEZOLID NORMON 600 MG COMPRIMIDOS RECUBIERTOS CON PELICULA EFG,LINEZOLID,Síndrome serotoninérico,SIN FRECUENCIA,TRASTORNOS DEL SISTEMA NERVIOSO
80368,LINEZOLID NORMON 600 MG COMPRIMIDOS RECUBIERTOS CON PELICULA EFG,LINEZOLID,Trastornos vulvovaginales,POCO FRECUENTE,TRASTORNOS DEL SISTEMA REPRODUCTOR
80368,LINEZOLID NORMON 600 MG COMPRIMIDOS RECUBIERTOS CON PELICULA EFG,LINEZOLID,Insomnio,FRECUENTE,TRASTORNOS PSIQUIÁTRICOS
81115,"SYMBICORT 160 MICROGRAMOS/4,5 MICROGRAMOS/INHALACION SUSPENSION PARA INHALACION EN ENVASE A PRESION",NO_ESPECIFICADO,Candidiasis orofaríngea,FRECUENTE,INFECCIONES E INFESTACIONES
81115,"SYMBICORT 160 MICROGRAMOS/4,5 MICROGRAMOS/INHALACION SUSPENSION PARA INHALACION EN ENVASE A PRESION",NO_ESPECIFICADO,Neumonía (en pacientes con EPOC),FRECUENTE,INFECCIONES E INFESTACIONES
81115,"SYMBICORT 160 MICROGRAMOS/4,5 MICROGRAMOS/INHALACION SUSPENSION PARA INHALACION EN ENVASE A PRESION",NO_ESPECIFICADO,Alteraciones del gusto,NO FRECUENTE,TRASTORNOS DE ÓRGANOS DE LOS SENTIDOS
81115,"SYMBICORT 160 MICROGRAMOS/4,5 MICROGRAMOS/INHALACION SUSPENSION PARA INHALACION EN ENVASE A PRESION",NO_ESPECIFICADO,Cataratas y glaucoma,NO FRECUENTE,TRASTORNOS DE ÓRGANOS DE LOS SENTIDOS
81115,"SYMBICORT 160 MICROGRAMOS/4,5 MICROGRAMOS/INHALACION SUSPENSION PARA INHALACION EN ENVASE A PRESION",NO_ESPECIFICADO,Visión borrosa,POCO FRECUENTE,TRASTORNOS DE ÓRGANOS DE LOS SENTIDOS
81115,"SYMBICORT 160 MICROGRAMOS/4,5 MICROGRAMOS/INHALACION SUSPENSION PARA INHALACION EN ENVASE A PRESION",NO_ESPECIFICADO,Hematomas,POCO FRECUENTE,TRASTORNOS DE PIEL Y TEJIDOS
81115,"SYMBICORT 160 MICROGRAMOS/4,5 MICROGRAMOS/INHALACION SUSPENSION PARA INHALACION EN ENVASE A PRESION",NO_ESPECIFICADO,Hiperglucemia,NO FRECUENTE,TRASTORNOS DEL METABOLISMO Y LA NUTRICIÓN
81115,"SYMBICORT 160 MICROGRAMOS/4,5 MICROGRAMOS/INHALACION SUSPENSION PARA INHALACION EN ENVASE A PRESION",NO_ESPECIFICADO,Hipocalemia,NO FRECUENTE,TRASTORNOS DEL METABOLISMO Y LA NUTRICIÓN
81115,"SYMBICORT 160 MICROGRAMOS/4,5 MICROGRAMOS/INHALACION SUSPENSION PARA INHALACION EN ENVASE A PRESION",NO_ESPECIFICADO,Angina de pecho,NO FRECUENTE,TRASTORNOS DEL SISTEMA CARDIOVASCULAR
81115,"SYMBICORT 160 MICROGRAMOS/4,5 MICROGRAMOS/INHALACION SUSPENSION PARA INHALACION EN ENVASE A PRESION",NO_ESPECIFICADO,Arritmias cardíacas ,NO FRECUENTE,TRASTORNOS DEL SISTEMA CARDIOVASCULAR
81115,"SYMBICORT 160 MICROGRAMOS/4,5 MICROGRAMOS/INHALACION SUSPENSION PARA INHALACION EN ENVASE A PRESION",NO_ESPECIFICADO,fibrilación auricular,NO FRECUENTE,TRASTORNOS DEL SISTEMA CARDIOVASCULAR
81115,"SYMBICORT 160 MICROGRAMOS/4,5 MICROGRAMOS/INHALACION SUSPENSION PARA INHALACION EN ENVASE A PRESION",NO_ESPECIFICADO,taquicardia supraventricular,NO FRECUENTE,TRASTORNOS DEL SISTEMA CARDIOVASCULAR
81115,"SYMBICORT 160 MICROGRAMOS/4,5 MICROGRAMOS/INHALACION SUSPENSION PARA INHALACION EN ENVASE A PRESION",NO_ESPECIFICADO,extrasístoles,NO FRECUENTE,TRASTORNOS DEL SISTEMA CARDIOVASCULAR
81115,"SYMBICORT 160 MICROGRAMOS/4,5 MICROGRAMOS/INHALACION SUSPENSION PARA INHALACION EN ENVASE A PRESION",NO_ESPECIFICADO,Palpitaciones,FRECUENTE,TRASTORNOS DEL SISTEMA CARDIOVASCULAR
81115,"SYMBICORT 160 MICROGRAMOS/4,5 MICROGRAMOS/INHALACION SUSPENSION PARA INHALACION EN ENVASE A PRESION",NO_ESPECIFICADO,prolongación del intervalo QTc,NO FRECUENTE,TRASTORNOS DEL SISTEMA CARDIOVASCULAR
81115,"SYMBICORT 160 MICROGRAMOS/4,5 MICROGRAMOS/INHALACION SUSPENSION PARA INHALACION EN ENVASE A PRESION",NO_ESPECIFICADO,Taquicardia,POCO FRECUENTE,TRASTORNOS DEL SISTEMA CARDIOVASCULAR
81115,"SYMBICORT 160 MICROGRAMOS/4,5 MICROGRAMOS/INHALACION SUSPENSION PARA INHALACION EN ENVASE A PRESION",NO_ESPECIFICADO,Variaciones en la presión arterial,NO FRECUENTE,TRASTORNOS DEL SISTEMA CARDIOVASCULAR
81115,"SYMBICORT 160 MICROGRAMOS/4,5 MICROGRAMOS/INHALACION SUSPENSION PARA INHALACION EN ENVASE A PRESION",NO_ESPECIFICADO,Náuseas,POCO FRECUENTE,TRASTORNOS DEL SISTEMA DIGESTIVO
81115,"SYMBICORT 160 MICROGRAMOS/4,5 MICROGRAMOS/INHALACION SUSPENSION PARA INHALACION EN ENVASE A PRESION",NO_ESPECIFICADO,disminución de la densidad mineral ósea,NO FRECUENTE,TRASTORNOS DEL SISTEMA ENDOCRINO
81115,"SYMBICORT 160 MICROGRAMOS/4,5 MICROGRAMOS/INHALACION SUSPENSION PARA INHALACION EN ENVASE A PRESION",NO_ESPECIFICADO,retraso del crecimiento,NO FRECUENTE,TRASTORNOS DEL SISTEMA ENDOCRINO
81115,"SYMBICORT 160 MICROGRAMOS/4,5 MICROGRAMOS/INHALACION SUSPENSION PARA INHALACION EN ENVASE A PRESION",NO_ESPECIFICADO,Síndrome de Cushing,NO FRECUENTE,TRASTORNOS DEL SISTEMA ENDOCRINO
81115,"SYMBICORT 160 MICROGRAMOS/4,5 MICROGRAMOS/INHALACION SUSPENSION PARA INHALACION EN ENVASE A PRESION",NO_ESPECIFICADO,supresión adrenal,NO FRECUENTE,TRASTORNOS DEL SISTEMA ENDOCRINO
81115,"SYMBICORT 160 MICROGRAMOS/4,5 MICROGRAMOS/INHALACION SUSPENSION PARA INHALACION EN ENVASE A PRESION",NO_ESPECIFICADO,Reacciones de hipersensibilidad inmediata y retardada,NO FRECUENTE,TRASTORNOS DEL SISTEMA INMUNOLÓGICO
81115,"SYMBICORT 160 MICROGRAMOS/4,5 MICROGRAMOS/INHALACION SUSPENSION PARA INHALACION EN ENVASE A PRESION",NO_ESPECIFICADO,exantema,NO FRECUENTE,TRASTORNOS DEL SISTEMA INMUNOLÓGICO
81115,"SYMBICORT 160 MICROGRAMOS/4,5 MICROGRAMOS/INHALACION SUSPENSION PARA INHALACION EN ENVASE A PRESION",NO_ESPECIFICADO, urticaria,NO FRECUENTE,TRASTORNOS DEL SISTEMA INMUNOLÓGICO
81115,"SYMBICORT 160 MICROGRAMOS/4,5 MICROGRAMOS/INHALACION SUSPENSION PARA INHALACION EN ENVASE A PRESION",NO_ESPECIFICADO,prurito,NO FRECUENTE,TRASTORNOS DEL SISTEMA INMUNOLÓGICO
81115,"SYMBICORT 160 MICROGRAMOS/4,5 MICROGRAMOS/INHALACION SUSPENSION PARA INHALACION EN ENVASE A PRESION",NO_ESPECIFICADO,dermatitis,NO FRECUENTE,TRASTORNOS DEL SISTEMA INMUNOLÓGICO
81115,"SYMBICORT 160 MICROGRAMOS/4,5 MICROGRAMOS/INHALACION SUSPENSION PARA INHALACION EN ENVASE A PRESION",NO_ESPECIFICADO,angioedema,NO FRECUENTE,TRASTORNOS DEL SISTEMA INMUNOLÓGICO
81115,"SYMBICORT 160 MICROGRAMOS/4,5 MICROGRAMOS/INHALACION SUSPENSION PARA INHALACION EN ENVASE A PRESION",NO_ESPECIFICADO,reacción anafiláctica,NO FRECUENTE,TRASTORNOS DEL SISTEMA INMUNOLÓGICO
81115,"SYMBICORT 160 MICROGRAMOS/4,5 MICROGRAMOS/INHALACION SUSPENSION PARA INHALACION EN ENVASE A PRESION",NO_ESPECIFICADO,Calambres musculares,POCO FRECUENTE,TRASTORNOS DEL SISTEMA MÚSCULO-ESQUELÉTICO
81115,"SYMBICORT 160 MICROGRAMOS/4,5 MICROGRAMOS/INHALACION SUSPENSION PARA INHALACION EN ENVASE A PRESION",NO_ESPECIFICADO,Cefalea,FRECUENTE,TRASTORNOS DEL SISTEMA NERVIOSO
81115,"SYMBICORT 160 MICROGRAMOS/4,5 MICROGRAMOS/INHALACION SUSPENSION PARA INHALACION EN ENVASE A PRESION",NO_ESPECIFICADO,Mareo,POCO FRECUENTE,TRASTORNOS DEL SISTEMA NERVIOSO
81115,"SYMBICORT 160 MICROGRAMOS/4,5 MICROGRAMOS/INHALACION SUSPENSION PARA INHALACION EN ENVASE A PRESION",NO_ESPECIFICADO,temblor,FRECUENTE,TRASTORNOS DEL SISTEMA NERVIOSO
81115,"SYMBICORT 160 MICROGRAMOS/4,5 MICROGRAMOS/INHALACION SUSPENSION PARA INHALACION EN ENVASE A PRESION",NO_ESPECIFICADO,broncoespasmo,NO FRECUENTE,TRASTORNOS DEL SISTEMA RESPIRATORIO
81115,"SYMBICORT 160 MICROGRAMOS/4,5 MICROGRAMOS/INHALACION SUSPENSION PARA INHALACION EN ENVASE A PRESION",NO_ESPECIFICADO,disfonía incluida ronquera,FRECUENTE,TRASTORNOS DEL SISTEMA RESPIRATORIO
81115,"SYMBICORT 160 MICROGRAMOS/4,5 MICROGRAMOS/INHALACION SUSPENSION PARA INHALACION EN ENVASE A PRESION",NO_ESPECIFICADO,Irritación leve de garganta,FRECUENTE,TRASTORNOS DEL SISTEMA RESPIRATORIO
81115,"SYMBICORT 160 MICROGRAMOS/4,5 MICROGRAMOS/INHALACION SUSPENSION PARA INHALACION EN ENVASE A PRESION",NO_ESPECIFICADO,Tos,FRECUENTE,TRASTORNOS DEL SISTEMA RESPIRATORIO
81115,"SYMBICORT 160 MICROGRAMOS/4,5 MICROGRAMOS/INHALACION SUSPENSION PARA INHALACION EN ENVASE A PRESION",NO_ESPECIFICADO,Agresividad,POCO FRECUENTE,TRASTORNOS PSIQUIÁTRICOS
81115,"SYMBICORT 160 MICROGRAMOS/4,5 MICROGRAMOS/INHALACION SUSPENSION PARA INHALACION EN ENVASE A PRESION",NO_ESPECIFICADO,Alteraciones del comportamiento,NO FRECUENTE,TRASTORNOS PSIQUIÁTRICOS
81115,"SYMBICORT 160 MICROGRAMOS/4,5 MICROGRAMOS/INHALACION SUSPENSION PARA INHALACION EN ENVASE A PRESION",NO_ESPECIFICADO,alteraciones del sueño,POCO FRECUENTE,TRASTORNOS PSIQUIÁTRICOS
81115,"SYMBICORT 160 MICROGRAMOS/4,5 MICROGRAMOS/INHALACION SUSPENSION PARA INHALACION EN ENVASE A PRESION",NO_ESPECIFICADO,ansiedad,POCO FRECUENTE,TRASTORNOS PSIQUIÁTRICOS
81115,"SYMBICORT 160 MICROGRAMOS/4,5 MICROGRAMOS/INHALACION SUSPENSION PARA INHALACION EN ENVASE A PRESION",NO_ESPECIFICADO,Depresión,NO FRECUENTE,TRASTORNOS PSIQUIÁTRICOS
81115,"SYMBICORT 160 MICROGRAMOS/4,5 MICROGRAMOS/INHALACION SUSPENSION PARA INHALACION EN ENVASE A PRESION",NO_ESPECIFICADO,hiperactividad psicomotora,POCO FRECUENTE,TRASTORNOS PSIQUIÁTRICOS
85989,"Sunitinib Dr. Reddys 12,5 mg cápsulas duras EFG",SUNITINIB MALATO,Aumento de la alanina aminotransferasa,FRECUENTE,EXPLORACIONES COMPLEMENTARIAS
85989,"Sunitinib Dr. Reddys 12,5 mg cápsulas duras EFG",SUNITINIB MALATO,Aumento de la aspartato aminotransferasa,FRECUENTE,EXPLORACIONES COMPLEMENTARIAS
85989,"Sunitinib Dr. Reddys 12,5 mg cápsulas duras EFG",SUNITINIB MALATO,Aumento de la creatinina en sangre,FRECUENTE,EXPLORACIONES COMPLEMENTARIAS
85989,"Sunitinib Dr. Reddys 12,5 mg cápsulas duras EFG",SUNITINIB MALATO,Aumento de la hormona estimulante de la tiroides en sangre,POCO FRECUENTE,EXPLORACIONES COMPLEMENTARIAS
85989,"Sunitinib Dr. Reddys 12,5 mg cápsulas duras EFG",SUNITINIB MALATO,Creatinina fosfoquinasa sanguínea elevada,POCO FRECUENTE,EXPLORACIONES COMPLEMENTARIAS
85989,"Sunitinib Dr. Reddys 12,5 mg cápsulas duras EFG",SUNITINIB MALATO,Abscesos,FRECUENTE,INFECCIONES E INFESTACIONES
85989,"Sunitinib Dr. Reddys 12,5 mg cápsulas duras EFG",SUNITINIB MALATO,Fascitis necrotizante,POCO FRECUENTE,INFECCIONES E INFESTACIONES
85989,"Sunitinib Dr. Reddys 12,5 mg cápsulas duras EFG",SUNITINIB MALATO,Infección del tracto urinario,FRECUENTE,INFECCIONES E INFESTACIONES
85989,"Sunitinib Dr. Reddys 12,5 mg cápsulas duras EFG",SUNITINIB MALATO,Infecciones bacterianas,POCO FRECUENTE,INFECCIONES E INFESTACIONES
85989,"Sunitinib Dr. Reddys 12,5 mg cápsulas duras EFG",SUNITINIB MALATO,Infecciones cutáneas,FRECUENTE,INFECCIONES E INFESTACIONES
85989,"Sunitinib Dr. Reddys 12,5 mg cápsulas duras EFG",SUNITINIB MALATO,Infecciones por hongos,FRECUENTE,INFECCIONES E INFESTACIONES
85989,"Sunitinib Dr. Reddys 12,5 mg cápsulas duras EFG",SUNITINIB MALATO,Infecciones respiratorias,FRECUENTE,INFECCIONES E INFESTACIONES
85989,"Sunitinib Dr. Reddys 12,5 mg cápsulas duras EFG",SUNITINIB MALATO,Infecciones víricasa,FRECUENTE,INFECCIONES E INFESTACIONES
85989,"Sunitinib Dr. Reddys 12,5 mg cápsulas duras EFG",SUNITINIB MALATO,Sepsis,FRECUENTE,INFECCIONES E INFESTACIONES
85989,"Sunitinib Dr. Reddys 12,5 mg cápsulas duras EFG",SUNITINIB MALATO,Anemia,MUY FRECUENTE,TRASTORNOS DE LA SANGRE Y ÓRGANOS HEMATOPOYÉTICOS
85989,"Sunitinib Dr. Reddys 12,5 mg cápsulas duras EFG",SUNITINIB MALATO,Leucopenia,MUY FRECUENTE,TRASTORNOS DE LA SANGRE Y ÓRGANOS HEMATOPOYÉTICOS
85989,"Sunitinib Dr. Reddys 12,5 mg cápsulas duras EFG",SUNITINIB MALATO,Linfopenia,FRECUENTE,TRASTORNOS DE LA SANGRE Y ÓRGANOS HEMATOPOYÉTICOS
85989,"Sunitinib Dr. Reddys 12,5 mg cápsulas duras EFG",SUNITINIB MALATO,Microangiopatía trombótica,NO FRECUENTE,TRASTORNOS DE LA SANGRE Y ÓRGANOS HEMATOPOYÉTICOS
85989,"Sunitinib Dr. Reddys 12,5 mg cápsulas duras EFG",SUNITINIB MALATO,Neutropenia,MUY FRECUENTE,TRASTORNOS DE LA SANGRE Y ÓRGANOS HEMATOPOYÉTICOS
85989,"Sunitinib Dr. Reddys 12,5 mg cápsulas duras EFG",SUNITINIB MALATO,Pancitopenia,POCO FRECUENTE,TRASTORNOS DE LA SANGRE Y ÓRGANOS HEMATOPOYÉTICOS
85989,"Sunitinib Dr. Reddys 12,5 mg cápsulas duras EFG",SUNITINIB MALATO,Trombocitopenia,MUY FRECUENTE,TRASTORNOS DE LA SANGRE Y ÓRGANOS HEMATOPOYÉTICOS
85989,"Sunitinib Dr. Reddys 12,5 mg cápsulas duras EFG",SUNITINIB MALATO,Alteración del gusto,MUY FRECUENTE,TRASTORNOS DE ÓRGANOS DE LOS SENTIDOS
85989,"Sunitinib Dr. Reddys 12,5 mg cápsulas duras EFG",SUNITINIB MALATO,Aumento del lagrimeo,FRECUENTE,TRASTORNOS DE ÓRGANOS DE LOS SENTIDOS
85989,"Sunitinib Dr. Reddys 12,5 mg cápsulas duras EFG",SUNITINIB MALATO,Edema del párpado,FRECUENTE,TRASTORNOS DE ÓRGANOS DE LOS SENTIDOS
85989,"Sunitinib Dr. Reddys 12,5 mg cápsulas duras EFG",SUNITINIB MALATO,Edema periorbital,FRECUENTE,TRASTORNOS DE ÓRGANOS DE LOS SENTIDOS
85989,"Sunitinib Dr. Reddys 12,5 mg cápsulas duras EFG",SUNITINIB MALATO,Acné,FRECUENTE,TRASTORNOS DE PIEL Y TEJIDOS
85989,"Sunitinib Dr. Reddys 12,5 mg cápsulas duras EFG",SUNITINIB MALATO,Alopecia,FRECUENTE,TRASTORNOS DE PIEL Y TEJIDOS
85989,"Sunitinib Dr. Reddys 12,5 mg cápsulas duras EFG",SUNITINIB MALATO,Ampollas,FRECUENTE,TRASTORNOS DE PIEL Y TEJIDOS
85989,"Sunitinib Dr. Reddys 12,5 mg cápsulas duras EFG",SUNITINIB MALATO,Cambio de color de la pielt,MUY FRECUENTE,TRASTORNOS DE PIEL Y TEJIDOS
85989,"Sunitinib Dr. Reddys 12,5 mg cápsulas duras EFG",SUNITINIB MALATO,Cambio de coloración del pelo,MUY FRECUENTE,TRASTORNOS DE PIEL Y TEJIDOS
85989,"Sunitinib Dr. Reddys 12,5 mg cápsulas duras EFG",SUNITINIB MALATO,Dermatitis,FRECUENTE,TRASTORNOS DE PIEL Y TEJIDOS
85989,"Sunitinib Dr. Reddys 12,5 mg cápsulas duras EFG",SUNITINIB MALATO,Eczema,FRECUENTE,TRASTORNOS DE PIEL Y TEJIDOS
85989,"Sunitinib Dr. Reddys 12,5 mg cápsulas duras EFG",SUNITINIB MALATO,Eritema,FRECUENTE,TRASTORNOS DE PIEL Y TEJIDOS
85989,"Sunitinib Dr. Reddys 12,5 mg cápsulas duras EFG",SUNITINIB MALATO,Eritema multiforme,NO FRECUENTE,TRASTORNOS DE PIEL Y TEJIDOS
85989,"Sunitinib Dr. Reddys 12,5 mg cápsulas duras EFG",SUNITINIB MALATO,Erupción,MUY FRECUENTE,TRASTORNOS DE PIEL Y TEJIDOS
85989,"Sunitinib Dr. Reddys 12,5 mg cápsulas duras EFG",SUNITINIB MALATO,Exfoliación de la piel,FRECUENTE,TRASTORNOS DE PIEL Y TEJIDOS
85989,"Sunitinib Dr. Reddys 12,5 mg cápsulas duras EFG",SUNITINIB MALATO,Hiperpigmentación de la piel ,FRECUENTE,TRASTORNOS DE PIEL Y TEJIDOS
85989,"Sunitinib Dr. Reddys 12,5 mg cápsulas duras EFG",SUNITINIB MALATO,Hiperqueratosis,FRECUENTE,TRASTORNOS DE PIEL Y TEJIDOS
85989,"Sunitinib Dr. Reddys 12,5 mg cápsulas duras EFG",SUNITINIB MALATO,Lesión de la piel,FRECUENTE,TRASTORNOS DE PIEL Y TEJIDOS
85989,"Sunitinib Dr. Reddys 12,5 mg cápsulas duras EFG",SUNITINIB MALATO,Necrolisis epidérmica tóxica,NO FRECUENTE,TRASTORNOS DE PIEL Y TEJIDOS
85989,"Sunitinib Dr. Reddys 12,5 mg cápsulas duras EFG",SUNITINIB MALATO,Pioderma gangrenoso,NO FRECUENTE,TRASTORNOS DE PIEL Y TEJIDOS
85989,"Sunitinib Dr. Reddys 12,5 mg cápsulas duras EFG",SUNITINIB MALATO,Prurito,FRECUENTE,TRASTORNOS DE PIEL Y TEJIDOS
85989,"Sunitinib Dr. Reddys 12,5 mg cápsulas duras EFG",SUNITINIB MALATO,Reacción cutáneav,FRECUENTE,TRASTORNOS DE PIEL Y TEJIDOS
85989,"Sunitinib Dr. Reddys 12,5 mg cápsulas duras EFG",SUNITINIB MALATO,Sequedad de piel,MUY FRECUENTE,TRASTORNOS DE PIEL Y TEJIDOS
85989,"Sunitinib Dr. Reddys 12,5 mg cápsulas duras EFG",SUNITINIB MALATO,Síndrome de eritrodisestesia palmoplantar,MUY FRECUENTE,TRASTORNOS DE PIEL Y TEJIDOS
85989,"Sunitinib Dr. Reddys 12,5 mg cápsulas duras EFG",SUNITINIB MALATO,Síndrome de Stevens-Johnson,NO FRECUENTE,TRASTORNOS DE PIEL Y TEJIDOS
85989,"Sunitinib Dr. Reddys 12,5 mg cápsulas duras EFG",SUNITINIB MALATO,Trastornos en las uñasw,FRECUENTE,TRASTORNOS DE PIEL Y TEJIDOS
85989,"Sunitinib Dr. Reddys 12,5 mg cápsulas duras EFG",SUNITINIB MALATO,Deshidratación,FRECUENTE,TRASTORNOS DEL METABOLISMO Y LA NUTRICIÓN
85989,"Sunitinib Dr. Reddys 12,5 mg cápsulas duras EFG",SUNITINIB MALATO,Disminución del apetito,MUY FRECUENTE,TRASTORNOS DEL METABOLISMO Y LA NUTRICIÓN
85989,"Sunitinib Dr. Reddys 12,5 mg cápsulas duras EFG",SUNITINIB MALATO,Hipoglucemia,FRECUENTE,TRASTORNOS DEL METABOLISMO Y LA NUTRICIÓN
85989,"Sunitinib Dr. Reddys 12,5 mg cápsulas duras EFG",SUNITINIB MALATO,Síndrome de lisis tumoral,NO FRECUENTE,TRASTORNOS DEL METABOLISMO Y LA NUTRICIÓN
85989,"Sunitinib Dr. Reddys 12,5 mg cápsulas duras EFG",SUNITINIB MALATO,Aneurismas y disecciones arteriales,SIN FRECUENCIA,TRASTORNOS DEL SISTEMA CARDIOVASCULAR
85989,"Sunitinib Dr. Reddys 12,5 mg cápsulas duras EFG",SUNITINIB MALATO,Cardiomiopatía,POCO FRECUENTE,TRASTORNOS DEL SISTEMA CARDIOVASCULAR
85989,"Sunitinib Dr. Reddys 12,5 mg cápsulas duras EFG",SUNITINIB MALATO,Derrame pericárdico,POCO FRECUENTE,TRASTORNOS DEL SISTEMA CARDIOVASCULAR
85989,"Sunitinib Dr. Reddys 12,5 mg cápsulas duras EFG",SUNITINIB MALATO,Disminución de la fracción de eyección,FRECUENTE,TRASTORNOS DEL SISTEMA CARDIOVASCULAR
85989,"Sunitinib Dr. Reddys 12,5 mg cápsulas duras EFG",SUNITINIB MALATO,Hemorragia tumoral,POCO FRECUENTE,TRASTORNOS DEL SISTEMA CARDIOVASCULAR
85989,"Sunitinib Dr. Reddys 12,5 mg cápsulas duras EFG",SUNITINIB MALATO,Hipertensión,MUY FRECUENTE,TRASTORNOS DEL SISTEMA CARDIOVASCULAR
85989,"Sunitinib Dr. Reddys 12,5 mg cápsulas duras EFG",SUNITINIB MALATO,Infarto de miocardiom,POCO FRECUENTE,TRASTORNOS DEL SISTEMA CARDIOVASCULAR
85989,"Sunitinib Dr. Reddys 12,5 mg cápsulas duras EFG",SUNITINIB MALATO,Insuficiencia cardiaca,POCO FRECUENTE,TRASTORNOS DEL SISTEMA CARDIOVASCULAR
85989,"Sunitinib Dr. Reddys 12,5 mg cápsulas duras EFG",SUNITINIB MALATO,Insuficiencia cardiaca congestiva,POCO FRECUENTE,TRASTORNOS DEL SISTEMA CARDIOVASCULAR
85989,"Sunitinib Dr. Reddys 12,5 mg cápsulas duras EFG",SUNITINIB MALATO,Insuficiencia ventricular izquierda,NO FRECUENTE,TRASTORNOS DEL SISTEMA CARDIOVASCULAR
85989,"Sunitinib Dr. Reddys 12,5 mg cápsulas duras EFG",SUNITINIB MALATO,Intervalo QT del electrocardiograma prolongado,POCO FRECUENTE,TRASTORNOS DEL SISTEMA CARDIOVASCULAR
85989,"Sunitinib Dr. Reddys 12,5 mg cápsulas duras EFG",SUNITINIB MALATO,Isquemia de miocardiok,FRECUENTE,TRASTORNOS DEL SISTEMA CARDIOVASCULAR
85989,"Sunitinib Dr. Reddys 12,5 mg cápsulas duras EFG",SUNITINIB MALATO,Rubefacción,FRECUENTE,TRASTORNOS DEL SISTEMA CARDIOVASCULAR
85989,"Sunitinib Dr. Reddys 12,5 mg cápsulas duras EFG",SUNITINIB MALATO,Sofocos,FRECUENTE,TRASTORNOS DEL SISTEMA CARDIOVASCULAR
85989,"Sunitinib Dr. Reddys 12,5 mg cápsulas duras EFG",SUNITINIB MALATO,Torsade de pointes,NO FRECUENTE,TRASTORNOS DEL SISTEMA CARDIOVASCULAR
85989,"Sunitinib Dr. Reddys 12,5 mg cápsulas duras EFG",SUNITINIB MALATO,Trombosis venosa profunda,FRECUENTE,TRASTORNOS DEL SISTEMA CARDIOVASCULAR
85989,"Sunitinib Dr. Reddys 12,5 mg cápsulas duras EFG",SUNITINIB MALATO,Colecistitiss,POCO FRECUENTE,TRASTORNOS DEL SISTEMA DIGESTIVO
85989,"Sunitinib Dr. Reddys 12,5 mg cápsulas duras EFG",SUNITINIB MALATO,Colitisr,POCO FRECUENTE,TRASTORNOS DEL SISTEMA DIGESTIVO
85989,"Sunitinib Dr. Reddys 12,5 mg cápsulas duras EFG",SUNITINIB MALATO,Diarrea,MUY FRECUENTE,TRASTORNOS DEL SISTEMA DIGESTIVO
85989,"Sunitinib Dr. Reddys 12,5 mg cápsulas duras EFG",SUNITINIB MALATO,Disfagia,FRECUENTE,TRASTORNOS DEL SISTEMA DIGESTIVO
85989,"Sunitinib Dr. Reddys 12,5 mg cápsulas duras EFG",SUNITINIB MALATO,Dispepsia,MUY FRECUENTE,TRASTORNOS DEL SISTEMA DIGESTIVO
85989,"Sunitinib Dr. Reddys 12,5 mg cápsulas duras EFG",SUNITINIB MALATO,Distensión abdominal,FRECUENTE,TRASTORNOS DEL SISTEMA DIGESTIVO
85989,"Sunitinib Dr. Reddys 12,5 mg cápsulas duras EFG",SUNITINIB MALATO,Dolor abdominal,MUY FRECUENTE,TRASTORNOS DEL SISTEMA DIGESTIVO
85989,"Sunitinib Dr. Reddys 12,5 mg cápsulas duras EFG",SUNITINIB MALATO,Dolor bucal,FRECUENTE,TRASTORNOS DEL SISTEMA DIGESTIVO
85989,"Sunitinib Dr. Reddys 12,5 mg cápsulas duras EFG",SUNITINIB MALATO,Enfermedad de reflujo gastroesofágico,FRECUENTE,TRASTORNOS DEL SISTEMA DIGESTIVO
85989,"Sunitinib Dr. Reddys 12,5 mg cápsulas duras EFG",SUNITINIB MALATO,Eructos,FRECUENTE,TRASTORNOS DEL SISTEMA DIGESTIVO
85989,"Sunitinib Dr. Reddys 12,5 mg cápsulas duras EFG",SUNITINIB MALATO,Esofagitis,FRECUENTE,TRASTORNOS DEL SISTEMA DIGESTIVO
85989,"Sunitinib Dr. Reddys 12,5 mg cápsulas duras EFG",SUNITINIB MALATO,Estomatitiso,MUY FRECUENTE,TRASTORNOS DEL SISTEMA DIGESTIVO
85989,"Sunitinib Dr. Reddys 12,5 mg cápsulas duras EFG",SUNITINIB MALATO,Estreñimiento,MUY FRECUENTE,TRASTORNOS DEL SISTEMA DIGESTIVO
85989,"Sunitinib Dr. Reddys 12,5 mg cápsulas duras EFG",SUNITINIB MALATO,Fístula anal,POCO FRECUENTE,TRASTORNOS DEL SISTEMA DIGESTIVO
85989,"Sunitinib Dr. Reddys 12,5 mg cápsulas duras EFG",SUNITINIB MALATO,Flatulencia,FRECUENTE,TRASTORNOS DEL SISTEMA DIGESTIVO
85989,"Sunitinib Dr. Reddys 12,5 mg cápsulas duras EFG",SUNITINIB MALATO,Función hepática anormal,POCO FRECUENTE,TRASTORNOS DEL SISTEMA DIGESTIVO
85989,"Sunitinib Dr. Reddys 12,5 mg cápsulas duras EFG",SUNITINIB MALATO,Glosodinia,FRECUENTE,TRASTORNOS DEL SISTEMA DIGESTIVO
85989,"Sunitinib Dr. Reddys 12,5 mg cápsulas duras EFG",SUNITINIB MALATO,Hemorragia gastrointestinal,FRECUENTE,TRASTORNOS DEL SISTEMA DIGESTIVO
85989,"Sunitinib Dr. Reddys 12,5 mg cápsulas duras EFG",SUNITINIB MALATO,Hemorragia rectal,FRECUENTE,TRASTORNOS DEL SISTEMA DIGESTIVO
85989,"Sunitinib Dr. Reddys 12,5 mg cápsulas duras EFG",SUNITINIB MALATO,Hemorroides,FRECUENTE,TRASTORNOS DEL SISTEMA DIGESTIVO
85989,"Sunitinib Dr. Reddys 12,5 mg cápsulas duras EFG",SUNITINIB MALATO,Hepatitis,NO FRECUENTE,TRASTORNOS DEL SISTEMA DIGESTIVO
85989,"Sunitinib Dr. Reddys 12,5 mg cápsulas duras EFG",SUNITINIB MALATO,Insuficiencia hepática,POCO FRECUENTE,TRASTORNOS DEL SISTEMA DIGESTIVO
85989,"Sunitinib Dr. Reddys 12,5 mg cápsulas duras EFG",SUNITINIB MALATO,Molestia abdominal,FRECUENTE,TRASTORNOS DEL SISTEMA DIGESTIVO
85989,"Sunitinib Dr. Reddys 12,5 mg cápsulas duras EFG",SUNITINIB MALATO,Molestias orales,FRECUENTE,TRASTORNOS DEL SISTEMA DIGESTIVO
85989,"Sunitinib Dr. Reddys 12,5 mg cápsulas duras EFG",SUNITINIB MALATO,Náuseas,MUY FRECUENTE,TRASTORNOS DEL SISTEMA DIGESTIVO
85989,"Sunitinib Dr. Reddys 12,5 mg cápsulas duras EFG",SUNITINIB MALATO,Pancreatitis,POCO FRECUENTE,TRASTORNOS DEL SISTEMA DIGESTIVO
85989,"Sunitinib Dr. Reddys 12,5 mg cápsulas duras EFG",SUNITINIB MALATO,Perforación gastrointestinalq,POCO FRECUENTE,TRASTORNOS DEL SISTEMA DIGESTIVO
85989,"Sunitinib Dr. Reddys 12,5 mg cápsulas duras EFG",SUNITINIB MALATO,Proctalgia,FRECUENTE,TRASTORNOS DEL SISTEMA DIGESTIVO
85989,"Sunitinib Dr. Reddys 12,5 mg cápsulas duras EFG",SUNITINIB MALATO,Queilitis,FRECUENTE,TRASTORNOS DEL SISTEMA DIGESTIVO
85989,"Sunitinib Dr. Reddys 12,5 mg cápsulas duras EFG",SUNITINIB MALATO,Sangrado gingival,FRECUENTE,TRASTORNOS DEL SISTEMA DIGESTIVO
85989,"Sunitinib Dr. Reddys 12,5 mg cápsulas duras EFG",SUNITINIB MALATO,Sequedad de boca,FRECUENTE,TRASTORNOS DEL SISTEMA DIGESTIVO
85989,"Sunitinib Dr. Reddys 12,5 mg cápsulas duras EFG",SUNITINIB MALATO,Ulceración de la boca,FRECUENTE,TRASTORNOS DEL SISTEMA DIGESTIVO
85989,"Sunitinib Dr. Reddys 12,5 mg cápsulas duras EFG",SUNITINIB MALATO,Vómitos,MUY FRECUENTE,TRASTORNOS DEL SISTEMA DIGESTIVO
85989,"Sunitinib Dr. Reddys 12,5 mg cápsulas duras EFG",SUNITINIB MALATO,Hipertiroidismo,POCO FRECUENTE,TRASTORNOS DEL SISTEMA ENDOCRINO
85989,"Sunitinib Dr. Reddys 12,5 mg cápsulas duras EFG",SUNITINIB MALATO,Hipotiroidismo,MUY FRECUENTE,TRASTORNOS DEL SISTEMA ENDOCRINO
85989,"Sunitinib Dr. Reddys 12,5 mg cápsulas duras EFG",SUNITINIB MALATO,Tiroiditis ,NO FRECUENTE,TRASTORNOS DEL SISTEMA ENDOCRINO
85989,"Sunitinib Dr. Reddys 12,5 mg cápsulas duras EFG",SUNITINIB MALATO,Cromaturia             ,FRECUENTE,TRASTORNOS DEL SISTEMA EXCRETOR
85989,"Sunitinib Dr. Reddys 12,5 mg cápsulas duras EFG",SUNITINIB MALATO,Fallo renal,FRECUENTE,TRASTORNOS DEL SISTEMA EXCRETOR
85989,"Sunitinib Dr. Reddys 12,5 mg cápsulas duras EFG",SUNITINIB MALATO,Hemorragia del tracto urinario,POCO FRECUENTE,TRASTORNOS DEL SISTEMA EXCRETOR
85989,"Sunitinib Dr. Reddys 12,5 mg cápsulas duras EFG",SUNITINIB MALATO,Insuficiencia renal aguda,FRECUENTE,TRASTORNOS DEL SISTEMA EXCRETOR
85989,"Sunitinib Dr. Reddys 12,5 mg cápsulas duras EFG",SUNITINIB MALATO,Proteinuria,FRECUENTE,TRASTORNOS DEL SISTEMA EXCRETOR
85989,"Sunitinib Dr. Reddys 12,5 mg cápsulas duras EFG",SUNITINIB MALATO,Síndrome nefrótico,NO FRECUENTE,TRASTORNOS DEL SISTEMA EXCRETOR
85989,"Sunitinib Dr. Reddys 12,5 mg cápsulas duras EFG",SUNITINIB MALATO,Alteración en la cicatrización,POCO FRECUENTE,TRASTORNOS DEL SISTEMA GENERAL
85989,"Sunitinib Dr. Reddys 12,5 mg cápsulas duras EFG",SUNITINIB MALATO,Amilasa elevadaz,FRECUENTE,TRASTORNOS DEL SISTEMA GENERAL
85989,"Sunitinib Dr. Reddys 12,5 mg cápsulas duras EFG",SUNITINIB MALATO,Aumento de la presión sanguínea,FRECUENTE,TRASTORNOS DEL SISTEMA GENERAL
85989,"Sunitinib Dr. Reddys 12,5 mg cápsulas duras EFG",SUNITINIB MALATO,Aumento del ácido úrico en sangre,FRECUENTE,TRASTORNOS DEL SISTEMA GENERAL
85989,"Sunitinib Dr. Reddys 12,5 mg cápsulas duras EFG",SUNITINIB MALATO,Disminución de la hemoglobina,FRECUENTE,TRASTORNOS DEL SISTEMA GENERAL
85989,"Sunitinib Dr. Reddys 12,5 mg cápsulas duras EFG",SUNITINIB MALATO,Disminución del peso,FRECUENTE,TRASTORNOS DEL SISTEMA GENERAL
85989,"Sunitinib Dr. Reddys 12,5 mg cápsulas duras EFG",SUNITINIB MALATO,Disminución del recuento de glóbulos blancos,FRECUENTE,TRASTORNOS DEL SISTEMA GENERAL
85989,"Sunitinib Dr. Reddys 12,5 mg cápsulas duras EFG",SUNITINIB MALATO,Dolor,FRECUENTE,TRASTORNOS DEL SISTEMA GENERAL
85989,"Sunitinib Dr. Reddys 12,5 mg cápsulas duras EFG",SUNITINIB MALATO,Dolor torácico,FRECUENTE,TRASTORNOS DEL SISTEMA GENERAL
85989,"Sunitinib Dr. Reddys 12,5 mg cápsulas duras EFG",SUNITINIB MALATO,Edemay,MUY FRECUENTE,TRASTORNOS DEL SISTEMA GENERAL
85989,"Sunitinib Dr. Reddys 12,5 mg cápsulas duras EFG",SUNITINIB MALATO,Enfermedad similar a la influenza,FRECUENTE,TRASTORNOS DEL SISTEMA GENERAL
85989,"Sunitinib Dr. Reddys 12,5 mg cápsulas duras EFG",SUNITINIB MALATO,Escalofríos       ,FRECUENTE,TRASTORNOS DEL SISTEMA GENERAL
85989,"Sunitinib Dr. Reddys 12,5 mg cápsulas duras EFG",SUNITINIB MALATO,Fatiga,MUY FRECUENTE,TRASTORNOS DEL SISTEMA GENERAL
85989,"Sunitinib Dr. Reddys 12,5 mg cápsulas duras EFG",SUNITINIB MALATO,Inflamación de las mucosas,MUY FRECUENTE,TRASTORNOS DEL SISTEMA GENERAL
85989,"Sunitinib Dr. Reddys 12,5 mg cápsulas duras EFG",SUNITINIB MALATO,Lipasa elevada,FRECUENTE,TRASTORNOS DEL SISTEMA GENERAL
85989,"Sunitinib Dr. Reddys 12,5 mg cápsulas duras EFG",SUNITINIB MALATO,Pirexia,MUY FRECUENTE,TRASTORNOS DEL SISTEMA GENERAL
85989,"Sunitinib Dr. Reddys 12,5 mg cápsulas duras EFG",SUNITINIB MALATO,Recuento disminuido de plaquetas,FRECUENTE,TRASTORNOS DEL SISTEMA GENERAL
85989,"Sunitinib Dr. Reddys 12,5 mg cápsulas duras EFG",SUNITINIB MALATO,Angioedema,NO FRECUENTE,TRASTORNOS DEL SISTEMA INMUNOLÓGICO
85989,"Sunitinib Dr. Reddys 12,5 mg cápsulas duras EFG",SUNITINIB MALATO,Hipersensibilidad,POCO FRECUENTE,TRASTORNOS DEL SISTEMA INMUNOLÓGICO
85989,"Sunitinib Dr. Reddys 12,5 mg cápsulas duras EFG",SUNITINIB MALATO,Artralgia,MUY FRECUENTE,TRASTORNOS DEL SISTEMA MÚSCULO-ESQUELÉTICO
85989,"Sunitinib Dr. Reddys 12,5 mg cápsulas duras EFG",SUNITINIB MALATO,Debilidad muscular,FRECUENTE,TRASTORNOS DEL SISTEMA MÚSCULO-ESQUELÉTICO
85989,"Sunitinib Dr. Reddys 12,5 mg cápsulas duras EFG",SUNITINIB MALATO,Dolor de espalda,MUY FRECUENTE,TRASTORNOS DEL SISTEMA MÚSCULO-ESQUELÉTICO
85989,"Sunitinib Dr. Reddys 12,5 mg cápsulas duras EFG",SUNITINIB MALATO,Dolor en las extremidades,MUY FRECUENTE,TRASTORNOS DEL SISTEMA MÚSCULO-ESQUELÉTICO
85989,"Sunitinib Dr. Reddys 12,5 mg cápsulas duras EFG",SUNITINIB MALATO,Dolor musculoesquelético,FRECUENTE,TRASTORNOS DEL SISTEMA MÚSCULO-ESQUELÉTICO
85989,"Sunitinib Dr. Reddys 12,5 mg cápsulas duras EFG",SUNITINIB MALATO,Espasmos musculares,FRECUENTE,TRASTORNOS DEL SISTEMA MÚSCULO-ESQUELÉTICO
85989,"Sunitinib Dr. Reddys 12,5 mg cápsulas duras EFG",SUNITINIB MALATO,Fístula,POCO FRECUENTE,TRASTORNOS DEL SISTEMA MÚSCULO-ESQUELÉTICO
85989,"Sunitinib Dr. Reddys 12,5 mg cápsulas duras EFG",SUNITINIB MALATO,Mialgia,FRECUENTE,TRASTORNOS DEL SISTEMA MÚSCULO-ESQUELÉTICO
85989,"Sunitinib Dr. Reddys 12,5 mg cápsulas duras EFG",SUNITINIB MALATO,Miopatía,NO FRECUENTE,TRASTORNOS DEL SISTEMA MÚSCULO-ESQUELÉTICO
85989,"Sunitinib Dr. Reddys 12,5 mg cápsulas duras EFG",SUNITINIB MALATO,Osteonecrosis mandibular,POCO FRECUENTE,TRASTORNOS DEL SISTEMA MÚSCULO-ESQUELÉTICO
85989,"Sunitinib Dr. Reddys 12,5 mg cápsulas duras EFG",SUNITINIB MALATO,Rabdomiolisis,NO FRECUENTE,TRASTORNOS DEL SISTEMA MÚSCULO-ESQUELÉTICO
85989,"Sunitinib Dr. Reddys 12,5 mg cápsulas duras EFG",SUNITINIB MALATO,Accidente cerebrovascular,POCO FRECUENTE,TRASTORNOS DEL SISTEMA NERVIOSO
85989,"Sunitinib Dr. Reddys 12,5 mg cápsulas duras EFG",SUNITINIB MALATO,Accidente isquémico transitorio,POCO FRECUENTE,TRASTORNOS DEL SISTEMA NERVIOSO
85989,"Sunitinib Dr. Reddys 12,5 mg cápsulas duras EFG",SUNITINIB MALATO,Cefalea,MUY FRECUENTE,TRASTORNOS DEL SISTEMA NERVIOSO
85989,"Sunitinib Dr. Reddys 12,5 mg cápsulas duras EFG",SUNITINIB MALATO,Encefalopatía hiperamonémica,SIN FRECUENCIA,TRASTORNOS DEL SISTEMA NERVIOSO
85989,"Sunitinib Dr. Reddys 12,5 mg cápsulas duras EFG",SUNITINIB MALATO,Hemorragia cerebral,POCO FRECUENTE,TRASTORNOS DEL SISTEMA NERVIOSO
85989,"Sunitinib Dr. Reddys 12,5 mg cápsulas duras EFG",SUNITINIB MALATO,Hiperestesia,FRECUENTE,TRASTORNOS DEL SISTEMA NERVIOSO
85989,"Sunitinib Dr. Reddys 12,5 mg cápsulas duras EFG",SUNITINIB MALATO,Hipoestesia,FRECUENTE,TRASTORNOS DEL SISTEMA NERVIOSO
85989,"Sunitinib Dr. Reddys 12,5 mg cápsulas duras EFG",SUNITINIB MALATO,Mareo,MUY FRECUENTE,TRASTORNOS DEL SISTEMA NERVIOSO
85989,"Sunitinib Dr. Reddys 12,5 mg cápsulas duras EFG",SUNITINIB MALATO,Neuropatía periférica,FRECUENTE,TRASTORNOS DEL SISTEMA NERVIOSO
85989,"Sunitinib Dr. Reddys 12,5 mg cápsulas duras EFG",SUNITINIB MALATO,Parestesia,FRECUENTE,TRASTORNOS DEL SISTEMA NERVIOSO
85989,"Sunitinib Dr. Reddys 12,5 mg cápsulas duras EFG",SUNITINIB MALATO,Síndrome de leucoencefalopatía posterior reversible,NO FRECUENTE,TRASTORNOS DEL SISTEMA NERVIOSO
85989,"Sunitinib Dr. Reddys 12,5 mg cápsulas duras EFG",SUNITINIB MALATO,Congestión nasal,FRECUENTE,TRASTORNOS DEL SISTEMA RESPIRATORIO
85989,"Sunitinib Dr. Reddys 12,5 mg cápsulas duras EFG",SUNITINIB MALATO,Derrame pleural,FRECUENTE,TRASTORNOS DEL SISTEMA RESPIRATORIO
85989,"Sunitinib Dr. Reddys 12,5 mg cápsulas duras EFG",SUNITINIB MALATO,Disnea,MUY FRECUENTE,TRASTORNOS DEL SISTEMA RESPIRATORIO
85989,"Sunitinib Dr. Reddys 12,5 mg cápsulas duras EFG",SUNITINIB MALATO,Disnea de esfuerzo,FRECUENTE,TRASTORNOS DEL SISTEMA RESPIRATORIO
85989,"Sunitinib Dr. Reddys 12,5 mg cápsulas duras EFG",SUNITINIB MALATO,Dolor orofaríngeon,FRECUENTE,TRASTORNOS DEL SISTEMA RESPIRATORIO
85989,"Sunitinib Dr. Reddys 12,5 mg cápsulas duras EFG",SUNITINIB MALATO,Embolismo pulmonar,FRECUENTE,TRASTORNOS DEL SISTEMA RESPIRATORIO
85989,"Sunitinib Dr. Reddys 12,5 mg cápsulas duras EFG",SUNITINIB MALATO,Epistaxis,MUY FRECUENTE,TRASTORNOS DEL SISTEMA RESPIRATORIO
85989,"Sunitinib Dr. Reddys 12,5 mg cápsulas duras EFG",SUNITINIB MALATO,Hemoptisis,FRECUENTE,TRASTORNOS DEL SISTEMA RESPIRATORIO
85989,"Sunitinib Dr. Reddys 12,5 mg cápsulas duras EFG",SUNITINIB MALATO,Hemorragia pulmonar,POCO FRECUENTE,TRASTORNOS DEL SISTEMA RESPIRATORIO
85989,"Sunitinib Dr. Reddys 12,5 mg cápsulas duras EFG",SUNITINIB MALATO,Insuficiencia respiratoria,POCO FRECUENTE,TRASTORNOS DEL SISTEMA RESPIRATORIO
85989,"Sunitinib Dr. Reddys 12,5 mg cápsulas duras EFG",SUNITINIB MALATO,Sequedad nasal,FRECUENTE,TRASTORNOS DEL SISTEMA RESPIRATORIO
85989,"Sunitinib Dr. Reddys 12,5 mg cápsulas duras EFG",SUNITINIB MALATO,Tos,MUY FRECUENTE,TRASTORNOS DEL SISTEMA RESPIRATORIO
85989,"Sunitinib Dr. Reddys 12,5 mg cápsulas duras EFG",SUNITINIB MALATO,Depresión,FRECUENTE,TRASTORNOS PSIQUIÁTRICOS
85989,"Sunitinib Dr. Reddys 12,5 mg cápsulas duras EFG",SUNITINIB MALATO,Insomnio,MUY FRECUENTE,TRASTORNOS PSIQUIÁTRICOS
107395041,INVEGA 3 MG COMPRIMIDOS DE LIBERACION PROLONGADA,PALIPERIDONA,Síndrome de abstinencia neonatal,NO FRECUENTE,"EMBARAZO, PUERPERIO Y ENFERMEDADES PERINATALES"
107395041,INVEGA 3 MG COMPRIMIDOS DE LIBERACION PROLONGADA,PALIPERIDONA,Aumento de la creatina fosfoquinasa en sangre,POCO FRECUENTE,EXPLORACIONES COMPLEMENTARIAS
107395041,INVEGA 3 MG COMPRIMIDOS DE LIBERACION PROLONGADA,PALIPERIDONA,Aumento de la gamma-glutamiltransferasa,POCO FRECUENTE,EXPLORACIONES COMPLEMENTARIAS
107395041,INVEGA 3 MG COMPRIMIDOS DE LIBERACION PROLONGADA,PALIPERIDONA,Acarodermatitis,NO FRECUENTE,INFECCIONES E INFESTACIONES
107395041,INVEGA 3 MG COMPRIMIDOS DE LIBERACION PROLONGADA,PALIPERIDONA,Amigdalitis,POCO FRECUENTE,INFECCIONES E INFESTACIONES
107395041,INVEGA 3 MG COMPRIMIDOS DE LIBERACION PROLONGADA,PALIPERIDONA,Bronquitis,FRECUENTE,INFECCIONES E INFESTACIONES
107395041,INVEGA 3 MG COMPRIMIDOS DE LIBERACION PROLONGADA,PALIPERIDONA,Celulitis,NO FRECUENTE,INFECCIONES E INFESTACIONES
107395041,INVEGA 3 MG COMPRIMIDOS DE LIBERACION PROLONGADA,PALIPERIDONA,Cistitis,POCO FRECUENTE,INFECCIONES E INFESTACIONES
107395041,INVEGA 3 MG COMPRIMIDOS DE LIBERACION PROLONGADA,PALIPERIDONA,Gripe,FRECUENTE,INFECCIONES E INFESTACIONES
107395041,INVEGA 3 MG COMPRIMIDOS DE LIBERACION PROLONGADA,PALIPERIDONA,Infección de oído,POCO FRECUENTE,INFECCIONES E INFESTACIONES
107395041,INVEGA 3 MG COMPRIMIDOS DE LIBERACION PROLONGADA,PALIPERIDONA,Infección del tracto respiratorio,POCO FRECUENTE,INFECCIONES E INFESTACIONES
107395041,INVEGA 3 MG COMPRIMIDOS DE LIBERACION PROLONGADA,PALIPERIDONA,Infección del tracto respiratorio superior,FRECUENTE,INFECCIONES E INFESTACIONES
107395041,INVEGA 3 MG COMPRIMIDOS DE LIBERACION PROLONGADA,PALIPERIDONA,Infección del tracto urinario,FRECUENTE,INFECCIONES E INFESTACIONES
107395041,INVEGA 3 MG COMPRIMIDOS DE LIBERACION PROLONGADA,PALIPERIDONA,Infección ocular,NO FRECUENTE,INFECCIONES E INFESTACIONES
107395041,INVEGA 3 MG COMPRIMIDOS DE LIBERACION PROLONGADA,PALIPERIDONA,Neumonía,POCO FRECUENTE,INFECCIONES E INFESTACIONES
107395041,INVEGA 3 MG COMPRIMIDOS DE LIBERACION PROLONGADA,PALIPERIDONA,Onicomicosis,NO FRECUENTE,INFECCIONES E INFESTACIONES
107395041,INVEGA 3 MG COMPRIMIDOS DE LIBERACION PROLONGADA,PALIPERIDONA,Sinusitis,FRECUENTE,INFECCIONES E INFESTACIONES
107395041,INVEGA 3 MG COMPRIMIDOS DE LIBERACION PROLONGADA,PALIPERIDONA,Caídas,POCO FRECUENTE,"LESIONES TRAUMÁTICAS, INTOXICACIONES Y COMPLICACIONES DE PROCEDIMIENTOS TERAPÉUTICOS"
107395041,INVEGA 3 MG COMPRIMIDOS DE LIBERACION PROLONGADA,PALIPERIDONA,Agranulocitosis,NO FRECUENTE,TRASTORNOS DE LA SANGRE Y ÓRGANOS HEMATOPOYÉTICOS
107395041,INVEGA 3 MG COMPRIMIDOS DE LIBERACION PROLONGADA,PALIPERIDONA,Anemia,POCO FRECUENTE,TRASTORNOS DE LA SANGRE Y ÓRGANOS HEMATOPOYÉTICOS
107395041,INVEGA 3 MG COMPRIMIDOS DE LIBERACION PROLONGADA,PALIPERIDONA,Disminución del hematocrito,POCO FRECUENTE,TRASTORNOS DE LA SANGRE Y ÓRGANOS HEMATOPOYÉTICOS
107395041,INVEGA 3 MG COMPRIMIDOS DE LIBERACION PROLONGADA,PALIPERIDONA,Disminución del recuento de glóbulos blancos,POCO FRECUENTE,TRASTORNOS DE LA SANGRE Y ÓRGANOS HEMATOPOYÉTICOS
107395041,INVEGA 3 MG COMPRIMIDOS DE LIBERACION PROLONGADA,PALIPERIDONA,Neutropenia,NO FRECUENTE,TRASTORNOS DE LA SANGRE Y ÓRGANOS HEMATOPOYÉTICOS
107395041,INVEGA 3 MG COMPRIMIDOS DE LIBERACION PROLONGADA,PALIPERIDONA,Trombocitopenia,POCO FRECUENTE,TRASTORNOS DE LA SANGRE Y ÓRGANOS HEMATOPOYÉTICOS
107395041,INVEGA 3 MG COMPRIMIDOS DE LIBERACION PROLONGADA,PALIPERIDONA,Acúfenos,POCO FRECUENTE,TRASTORNOS DE ÓRGANOS DE LOS SENTIDOS
107395041,INVEGA 3 MG COMPRIMIDOS DE LIBERACION PROLONGADA,PALIPERIDONA,Aumento del lagrimeo,NO FRECUENTE,TRASTORNOS DE ÓRGANOS DE LOS SENTIDOS
107395041,INVEGA 3 MG COMPRIMIDOS DE LIBERACION PROLONGADA,PALIPERIDONA,Conjuntivitis,POCO FRECUENTE,TRASTORNOS DE ÓRGANOS DE LOS SENTIDOS
107395041,INVEGA 3 MG COMPRIMIDOS DE LIBERACION PROLONGADA,PALIPERIDONA,Dolor de oídos,POCO FRECUENTE,TRASTORNOS DE ÓRGANOS DE LOS SENTIDOS
107395041,INVEGA 3 MG COMPRIMIDOS DE LIBERACION PROLONGADA,PALIPERIDONA,Fotofobia,POCO FRECUENTE,TRASTORNOS DE ÓRGANOS DE LOS SENTIDOS
107395041,INVEGA 3 MG COMPRIMIDOS DE LIBERACION PROLONGADA,PALIPERIDONA,Giro de los ojos,NO FRECUENTE,TRASTORNOS DE ÓRGANOS DE LOS SENTIDOS
107395041,INVEGA 3 MG COMPRIMIDOS DE LIBERACION PROLONGADA,PALIPERIDONA,Glaucoma,NO FRECUENTE,TRASTORNOS DE ÓRGANOS DE LOS SENTIDOS
107395041,INVEGA 3 MG COMPRIMIDOS DE LIBERACION PROLONGADA,PALIPERIDONA,Hiperemia ocular,NO FRECUENTE,TRASTORNOS DE ÓRGANOS DE LOS SENTIDOS
107395041,INVEGA 3 MG COMPRIMIDOS DE LIBERACION PROLONGADA,PALIPERIDONA,Sequedad de ojos,POCO FRECUENTE,TRASTORNOS DE ÓRGANOS DE LOS SENTIDOS
107395041,INVEGA 3 MG COMPRIMIDOS DE LIBERACION PROLONGADA,PALIPERIDONA,Trastorno del movimiento de los ojos,NO FRECUENTE,TRASTORNOS DE ÓRGANOS DE LOS SENTIDOS
107395041,INVEGA 3 MG COMPRIMIDOS DE LIBERACION PROLONGADA,PALIPERIDONA,Vértigo,POCO FRECUENTE,TRASTORNOS DE ÓRGANOS DE LOS SENTIDOS
107395041,INVEGA 3 MG COMPRIMIDOS DE LIBERACION PROLONGADA,PALIPERIDONA,Visión borrosa,FRECUENTE,TRASTORNOS DE ÓRGANOS DE LOS SENTIDOS
107395041,INVEGA 3 MG COMPRIMIDOS DE LIBERACION PROLONGADA,PALIPERIDONA,Acné,POCO FRECUENTE,TRASTORNOS DE PIEL Y TEJIDOS
107395041,INVEGA 3 MG COMPRIMIDOS DE LIBERACION PROLONGADA,PALIPERIDONA,Alopecia,POCO FRECUENTE,TRASTORNOS DE PIEL Y TEJIDOS
107395041,INVEGA 3 MG COMPRIMIDOS DE LIBERACION PROLONGADA,PALIPERIDONA,Angioedema,NO FRECUENTE,TRASTORNOS DE PIEL Y TEJIDOS
107395041,INVEGA 3 MG COMPRIMIDOS DE LIBERACION PROLONGADA,PALIPERIDONA,Caspa,NO FRECUENTE,TRASTORNOS DE PIEL Y TEJIDOS
107395041,INVEGA 3 MG COMPRIMIDOS DE LIBERACION PROLONGADA,PALIPERIDONA,Decoloración de la piel,NO FRECUENTE,TRASTORNOS DE PIEL Y TEJIDOS
107395041,INVEGA 3 MG COMPRIMIDOS DE LIBERACION PROLONGADA,PALIPERIDONA,Dermatitis seborreica,NO FRECUENTE,TRASTORNOS DE PIEL Y TEJIDOS
107395041,INVEGA 3 MG COMPRIMIDOS DE LIBERACION PROLONGADA,PALIPERIDONA,Eccema,POCO FRECUENTE,TRASTORNOS DE PIEL Y TEJIDOS
107395041,INVEGA 3 MG COMPRIMIDOS DE LIBERACION PROLONGADA,PALIPERIDONA,Eritema,NO FRECUENTE,TRASTORNOS DE PIEL Y TEJIDOS
107395041,INVEGA 3 MG COMPRIMIDOS DE LIBERACION PROLONGADA,PALIPERIDONA,Erupción debida al medicamento,NO FRECUENTE,TRASTORNOS DE PIEL Y TEJIDOS
107395041,INVEGA 3 MG COMPRIMIDOS DE LIBERACION PROLONGADA,PALIPERIDONA,Exantema,FRECUENTE,TRASTORNOS DE PIEL Y TEJIDOS
107395041,INVEGA 3 MG COMPRIMIDOS DE LIBERACION PROLONGADA,PALIPERIDONA,Hiperqueratosis,NO FRECUENTE,TRASTORNOS DE PIEL Y TEJIDOS
107395041,INVEGA 3 MG COMPRIMIDOS DE LIBERACION PROLONGADA,PALIPERIDONA,Prurito,FRECUENTE,TRASTORNOS DE PIEL Y TEJIDOS
107395041,INVEGA 3 MG COMPRIMIDOS DE LIBERACION PROLONGADA,PALIPERIDONA,Sequedad de la piel,NO FRECUENTE,TRASTORNOS DE PIEL Y TEJIDOS
107395041,INVEGA 3 MG COMPRIMIDOS DE LIBERACION PROLONGADA,PALIPERIDONA,Urticaria,POCO FRECUENTE,TRASTORNOS DE PIEL Y TEJIDOS
107395041,INVEGA 3 MG COMPRIMIDOS DE LIBERACION PROLONGADA,PALIPERIDONA,Anorexia,POCO FRECUENTE,TRASTORNOS DEL METABOLISMO Y LA NUTRICIÓN
107395041,INVEGA 3 MG COMPRIMIDOS DE LIBERACION PROLONGADA,PALIPERIDONA,Aumento de los triglicéridos en sangre,POCO FRECUENTE,TRASTORNOS DEL METABOLISMO Y LA NUTRICIÓN
107395041,INVEGA 3 MG COMPRIMIDOS DE LIBERACION PROLONGADA,PALIPERIDONA,Aumento de peso,FRECUENTE,TRASTORNOS DEL METABOLISMO Y LA NUTRICIÓN
107395041,INVEGA 3 MG COMPRIMIDOS DE LIBERACION PROLONGADA,PALIPERIDONA,Aumento del apetito,FRECUENTE,TRASTORNOS DEL METABOLISMO Y LA NUTRICIÓN
107395041,INVEGA 3 MG COMPRIMIDOS DE LIBERACION PROLONGADA,PALIPERIDONA,Aumento del colesterol en sangre,NO FRECUENTE,TRASTORNOS DEL METABOLISMO Y LA NUTRICIÓN
107395041,INVEGA 3 MG COMPRIMIDOS DE LIBERACION PROLONGADA,PALIPERIDONA,Cetoacidosis diabética,NO FRECUENTE,TRASTORNOS DEL METABOLISMO Y LA NUTRICIÓN
107395041,INVEGA 3 MG COMPRIMIDOS DE LIBERACION PROLONGADA,PALIPERIDONA,Diabetes mellitus,POCO FRECUENTE,TRASTORNOS DEL METABOLISMO Y LA NUTRICIÓN
107395041,INVEGA 3 MG COMPRIMIDOS DE LIBERACION PROLONGADA,PALIPERIDONA,Disminución de peso,FRECUENTE,TRASTORNOS DEL METABOLISMO Y LA NUTRICIÓN
107395041,INVEGA 3 MG COMPRIMIDOS DE LIBERACION PROLONGADA,PALIPERIDONA,Disnminución del apetito,FRECUENTE,TRASTORNOS DEL METABOLISMO Y LA NUTRICIÓN
107395041,INVEGA 3 MG COMPRIMIDOS DE LIBERACION PROLONGADA,PALIPERIDONA,Hiperglucemia,POCO FRECUENTE,TRASTORNOS DEL METABOLISMO Y LA NUTRICIÓN
107395041,INVEGA 3 MG COMPRIMIDOS DE LIBERACION PROLONGADA,PALIPERIDONA,Hiperinsulinemia,SIN FRECUENCIA,TRASTORNOS DEL METABOLISMO Y LA NUTRICIÓN
107395041,INVEGA 3 MG COMPRIMIDOS DE LIBERACION PROLONGADA,PALIPERIDONA,Hipoglucemia,NO FRECUENTE,TRASTORNOS DEL METABOLISMO Y LA NUTRICIÓN
107395041,INVEGA 3 MG COMPRIMIDOS DE LIBERACION PROLONGADA,PALIPERIDONA,Intoxicación por agua,NO FRECUENTE,TRASTORNOS DEL METABOLISMO Y LA NUTRICIÓN
107395041,INVEGA 3 MG COMPRIMIDOS DE LIBERACION PROLONGADA,PALIPERIDONA,Perímetro de la cintura aumentado,POCO FRECUENTE,TRASTORNOS DEL METABOLISMO Y LA NUTRICIÓN
107395041,INVEGA 3 MG COMPRIMIDOS DE LIBERACION PROLONGADA,PALIPERIDONA,Polidipsia,NO FRECUENTE,TRASTORNOS DEL METABOLISMO Y LA NUTRICIÓN
107395041,INVEGA 3 MG COMPRIMIDOS DE LIBERACION PROLONGADA,PALIPERIDONA,Anomalías del electrocardiograma,POCO FRECUENTE,TRASTORNOS DEL SISTEMA CARDIOVASCULAR
107395041,INVEGA 3 MG COMPRIMIDOS DE LIBERACION PROLONGADA,PALIPERIDONA,Arritmia sinusal,POCO FRECUENTE,TRASTORNOS DEL SISTEMA CARDIOVASCULAR
107395041,INVEGA 3 MG COMPRIMIDOS DE LIBERACION PROLONGADA,PALIPERIDONA,Bloqueo auriculoventricular,FRECUENTE,TRASTORNOS DEL SISTEMA CARDIOVASCULAR
107395041,INVEGA 3 MG COMPRIMIDOS DE LIBERACION PROLONGADA,PALIPERIDONA,Bradicardia,FRECUENTE,TRASTORNOS DEL SISTEMA CARDIOVASCULAR
107395041,INVEGA 3 MG COMPRIMIDOS DE LIBERACION PROLONGADA,PALIPERIDONA,Embolismo pulmonar,NO FRECUENTE,TRASTORNOS DEL SISTEMA CARDIOVASCULAR
107395041,INVEGA 3 MG COMPRIMIDOS DE LIBERACION PROLONGADA,PALIPERIDONA,Fibrilación auricular,NO FRECUENTE,TRASTORNOS DEL SISTEMA CARDIOVASCULAR
107395041,INVEGA 3 MG COMPRIMIDOS DE LIBERACION PROLONGADA,PALIPERIDONA,Hipertensión,FRECUENTE,TRASTORNOS DEL SISTEMA CARDIOVASCULAR
107395041,INVEGA 3 MG COMPRIMIDOS DE LIBERACION PROLONGADA,PALIPERIDONA,Hipotensión,POCO FRECUENTE,TRASTORNOS DEL SISTEMA CARDIOVASCULAR
107395041,INVEGA 3 MG COMPRIMIDOS DE LIBERACION PROLONGADA,PALIPERIDONA,Hipotensión ortostática,FRECUENTE,TRASTORNOS DEL SISTEMA CARDIOVASCULAR
107395041,INVEGA 3 MG COMPRIMIDOS DE LIBERACION PROLONGADA,PALIPERIDONA,Isquemia,NO FRECUENTE,TRASTORNOS DEL SISTEMA CARDIOVASCULAR
107395041,INVEGA 3 MG COMPRIMIDOS DE LIBERACION PROLONGADA,PALIPERIDONA,Palpitaciones,POCO FRECUENTE,TRASTORNOS DEL SISTEMA CARDIOVASCULAR
107395041,INVEGA 3 MG COMPRIMIDOS DE LIBERACION PROLONGADA,PALIPERIDONA,Prolongación del intérvalo QT,FRECUENTE,TRASTORNOS DEL SISTEMA CARDIOVASCULAR
107395041,INVEGA 3 MG COMPRIMIDOS DE LIBERACION PROLONGADA,PALIPERIDONA,Síndrome de taquicardia ortostática postural,NO FRECUENTE,TRASTORNOS DEL SISTEMA CARDIOVASCULAR
107395041,INVEGA 3 MG COMPRIMIDOS DE LIBERACION PROLONGADA,PALIPERIDONA,Taquicardia,FRECUENTE,TRASTORNOS DEL SISTEMA CARDIOVASCULAR
107395041,INVEGA 3 MG COMPRIMIDOS DE LIBERACION PROLONGADA,PALIPERIDONA,Trastornos de la conducción,FRECUENTE,TRASTORNOS DEL SISTEMA CARDIOVASCULAR
107395041,INVEGA 3 MG COMPRIMIDOS DE LIBERACION PROLONGADA,PALIPERIDONA,Trombosis venosa,NO FRECUENTE,TRASTORNOS DEL SISTEMA CARDIOVASCULAR
107395041,INVEGA 3 MG COMPRIMIDOS DE LIBERACION PROLONGADA,PALIPERIDONA,Diarrea,FRECUENTE,TRASTORNOS DEL SISTEMA DIGESTIVO
107395041,INVEGA 3 MG COMPRIMIDOS DE LIBERACION PROLONGADA,PALIPERIDONA,Disfagia,POCO FRECUENTE,TRASTORNOS DEL SISTEMA DIGESTIVO
107395041,INVEGA 3 MG COMPRIMIDOS DE LIBERACION PROLONGADA,PALIPERIDONA,Dispepsia,FRECUENTE,TRASTORNOS DEL SISTEMA DIGESTIVO
107395041,INVEGA 3 MG COMPRIMIDOS DE LIBERACION PROLONGADA,PALIPERIDONA,Dolor abdominal,FRECUENTE,TRASTORNOS DEL SISTEMA DIGESTIVO
107395041,INVEGA 3 MG COMPRIMIDOS DE LIBERACION PROLONGADA,PALIPERIDONA,Dolor de muelas,FRECUENTE,TRASTORNOS DEL SISTEMA DIGESTIVO
107395041,INVEGA 3 MG COMPRIMIDOS DE LIBERACION PROLONGADA,PALIPERIDONA,Estreñimiento,FRECUENTE,TRASTORNOS DEL SISTEMA DIGESTIVO
107395041,INVEGA 3 MG COMPRIMIDOS DE LIBERACION PROLONGADA,PALIPERIDONA,Fecaloma,NO FRECUENTE,TRASTORNOS DEL SISTEMA DIGESTIVO
107395041,INVEGA 3 MG COMPRIMIDOS DE LIBERACION PROLONGADA,PALIPERIDONA,Flatulencia,POCO FRECUENTE,TRASTORNOS DEL SISTEMA DIGESTIVO
107395041,INVEGA 3 MG COMPRIMIDOS DE LIBERACION PROLONGADA,PALIPERIDONA,Gastroenteritis,POCO FRECUENTE,TRASTORNOS DEL SISTEMA DIGESTIVO
107395041,INVEGA 3 MG COMPRIMIDOS DE LIBERACION PROLONGADA,PALIPERIDONA,Hinchazón de la lengua,POCO FRECUENTE,TRASTORNOS DEL SISTEMA DIGESTIVO
107395041,INVEGA 3 MG COMPRIMIDOS DE LIBERACION PROLONGADA,PALIPERIDONA,Íleo,NO FRECUENTE,TRASTORNOS DEL SISTEMA DIGESTIVO
107395041,INVEGA 3 MG COMPRIMIDOS DE LIBERACION PROLONGADA,PALIPERIDONA,Incontinencia fecal,NO FRECUENTE,TRASTORNOS DEL SISTEMA DIGESTIVO
107395041,INVEGA 3 MG COMPRIMIDOS DE LIBERACION PROLONGADA,PALIPERIDONA,Malestar abdominal,FRECUENTE,TRASTORNOS DEL SISTEMA DIGESTIVO
107395041,INVEGA 3 MG COMPRIMIDOS DE LIBERACION PROLONGADA,PALIPERIDONA,Náuseas,FRECUENTE,TRASTORNOS DEL SISTEMA DIGESTIVO
107395041,INVEGA 3 MG COMPRIMIDOS DE LIBERACION PROLONGADA,PALIPERIDONA,Obstrucción intestinal,NO FRECUENTE,TRASTORNOS DEL SISTEMA DIGESTIVO
107395041,INVEGA 3 MG COMPRIMIDOS DE LIBERACION PROLONGADA,PALIPERIDONA,Pancreatitis,NO FRECUENTE,TRASTORNOS DEL SISTEMA DIGESTIVO
107395041,INVEGA 3 MG COMPRIMIDOS DE LIBERACION PROLONGADA,PALIPERIDONA,Queilitis,NO FRECUENTE,TRASTORNOS DEL SISTEMA DIGESTIVO
107395041,INVEGA 3 MG COMPRIMIDOS DE LIBERACION PROLONGADA,PALIPERIDONA,Sequedad de boca,FRECUENTE,TRASTORNOS DEL SISTEMA DIGESTIVO
107395041,INVEGA 3 MG COMPRIMIDOS DE LIBERACION PROLONGADA,PALIPERIDONA,Vómitos,FRECUENTE,TRASTORNOS DEL SISTEMA DIGESTIVO
107395041,INVEGA 3 MG COMPRIMIDOS DE LIBERACION PROLONGADA,PALIPERIDONA,Hiperprolactinemia,POCO FRECUENTE,TRASTORNOS DEL SISTEMA ENDOCRINO
107395041,INVEGA 3 MG COMPRIMIDOS DE LIBERACION PROLONGADA,PALIPERIDONA,Presencia de glucosa en la orina,NO FRECUENTE,TRASTORNOS DEL SISTEMA ENDOCRINO
107395041,INVEGA 3 MG COMPRIMIDOS DE LIBERACION PROLONGADA,PALIPERIDONA,Secreción inapropiada de la hormona antidiurética,NO FRECUENTE,TRASTORNOS DEL SISTEMA ENDOCRINO
107395041,INVEGA 3 MG COMPRIMIDOS DE LIBERACION PROLONGADA,PALIPERIDONA,Disuria,POCO FRECUENTE,TRASTORNOS DEL SISTEMA EXCRETOR
107395041,INVEGA 3 MG COMPRIMIDOS DE LIBERACION PROLONGADA,PALIPERIDONA,Incontinencia urinaria,POCO FRECUENTE,TRASTORNOS DEL SISTEMA EXCRETOR
107395041,INVEGA 3 MG COMPRIMIDOS DE LIBERACION PROLONGADA,PALIPERIDONA,Poliaquiuria,POCO FRECUENTE,TRASTORNOS DEL SISTEMA EXCRETOR
107395041,INVEGA 3 MG COMPRIMIDOS DE LIBERACION PROLONGADA,PALIPERIDONA,Retención urinaria,POCO FRECUENTE,TRASTORNOS DEL SISTEMA EXCRETOR
107395041,INVEGA 3 MG COMPRIMIDOS DE LIBERACION PROLONGADA,PALIPERIDONA,Alteración de la marcha,POCO FRECUENTE,TRASTORNOS DEL SISTEMA GENERAL
107395041,INVEGA 3 MG COMPRIMIDOS DE LIBERACION PROLONGADA,PALIPERIDONA,Astenia,FRECUENTE,TRASTORNOS DEL SISTEMA GENERAL
107395041,INVEGA 3 MG COMPRIMIDOS DE LIBERACION PROLONGADA,PALIPERIDONA,Aumento de la temperatura corporal,POCO FRECUENTE,TRASTORNOS DEL SISTEMA GENERAL
107395041,INVEGA 3 MG COMPRIMIDOS DE LIBERACION PROLONGADA,PALIPERIDONA,Cansancio,FRECUENTE,TRASTORNOS DEL SISTEMA GENERAL
107395041,INVEGA 3 MG COMPRIMIDOS DE LIBERACION PROLONGADA,PALIPERIDONA,Disminución de la temperatura corporal,NO FRECUENTE,TRASTORNOS DEL SISTEMA GENERAL
107395041,INVEGA 3 MG COMPRIMIDOS DE LIBERACION PROLONGADA,PALIPERIDONA,Dolor torácico,POCO FRECUENTE,TRASTORNOS DEL SISTEMA GENERAL
107395041,INVEGA 3 MG COMPRIMIDOS DE LIBERACION PROLONGADA,PALIPERIDONA,Edema,POCO FRECUENTE,TRASTORNOS DEL SISTEMA GENERAL
107395041,INVEGA 3 MG COMPRIMIDOS DE LIBERACION PROLONGADA,PALIPERIDONA,Edema facial,POCO FRECUENTE,TRASTORNOS DEL SISTEMA GENERAL
107395041,INVEGA 3 MG COMPRIMIDOS DE LIBERACION PROLONGADA,PALIPERIDONA,Endurecimiento del lugar de administración,NO FRECUENTE,TRASTORNOS DEL SISTEMA GENERAL
107395041,INVEGA 3 MG COMPRIMIDOS DE LIBERACION PROLONGADA,PALIPERIDONA,Escalofríos,POCO FRECUENTE,TRASTORNOS DEL SISTEMA GENERAL
107395041,INVEGA 3 MG COMPRIMIDOS DE LIBERACION PROLONGADA,PALIPERIDONA,Hipotermia,NO FRECUENTE,TRASTORNOS DEL SISTEMA GENERAL
107395041,INVEGA 3 MG COMPRIMIDOS DE LIBERACION PROLONGADA,PALIPERIDONA,Malestar,POCO FRECUENTE,TRASTORNOS DEL SISTEMA GENERAL
107395041,INVEGA 3 MG COMPRIMIDOS DE LIBERACION PROLONGADA,PALIPERIDONA,Malestar torácico,POCO FRECUENTE,TRASTORNOS DEL SISTEMA GENERAL
107395041,INVEGA 3 MG COMPRIMIDOS DE LIBERACION PROLONGADA,PALIPERIDONA,Pirexia,FRECUENTE,TRASTORNOS DEL SISTEMA GENERAL
107395041,INVEGA 3 MG COMPRIMIDOS DE LIBERACION PROLONGADA,PALIPERIDONA,Sed,POCO FRECUENTE,TRASTORNOS DEL SISTEMA GENERAL
107395041,INVEGA 3 MG COMPRIMIDOS DE LIBERACION PROLONGADA,PALIPERIDONA,Síndrome de abstinencia a medicamentos,NO FRECUENTE,TRASTORNOS DEL SISTEMA GENERAL
107395041,INVEGA 3 MG COMPRIMIDOS DE LIBERACION PROLONGADA,PALIPERIDONA,Aumento de las enzimas hepáticas,POCO FRECUENTE,TRASTORNOS DEL SISTEMA HEPATOBILIAR
107395041,INVEGA 3 MG COMPRIMIDOS DE LIBERACION PROLONGADA,PALIPERIDONA,Aumentto de las transaminasas,FRECUENTE,TRASTORNOS DEL SISTEMA HEPATOBILIAR
107395041,INVEGA 3 MG COMPRIMIDOS DE LIBERACION PROLONGADA,PALIPERIDONA,Ictericia,NO FRECUENTE,TRASTORNOS DEL SISTEMA HEPATOBILIAR
107395041,INVEGA 3 MG COMPRIMIDOS DE LIBERACION PROLONGADA,PALIPERIDONA,Aumento del recuento de eosinófilos,NO FRECUENTE,TRASTORNOS DEL SISTEMA INMUNOLÓGICO
107395041,INVEGA 3 MG COMPRIMIDOS DE LIBERACION PROLONGADA,PALIPERIDONA,Hipersensibilidad,NO FRECUENTE,TRASTORNOS DEL SISTEMA INMUNOLÓGICO
107395041,INVEGA 3 MG COMPRIMIDOS DE LIBERACION PROLONGADA,PALIPERIDONA,Reacción anafiláctica,NO FRECUENTE,TRASTORNOS DEL SISTEMA INMUNOLÓGICO
107395041,INVEGA 3 MG COMPRIMIDOS DE LIBERACION PROLONGADA,PALIPERIDONA,Anomalía postural,NO FRECUENTE,TRASTORNOS DEL SISTEMA MÚSCULO-ESQUELÉTICO
107395041,INVEGA 3 MG COMPRIMIDOS DE LIBERACION PROLONGADA,PALIPERIDONA,Artralgia,FRECUENTE,TRASTORNOS DEL SISTEMA MÚSCULO-ESQUELÉTICO
107395041,INVEGA 3 MG COMPRIMIDOS DE LIBERACION PROLONGADA,PALIPERIDONA,Debilidad muscular,POCO FRECUENTE,TRASTORNOS DEL SISTEMA MÚSCULO-ESQUELÉTICO
107395041,INVEGA 3 MG COMPRIMIDOS DE LIBERACION PROLONGADA,PALIPERIDONA,Dolor de cuello,POCO FRECUENTE,TRASTORNOS DEL SISTEMA MÚSCULO-ESQUELÉTICO
107395041,INVEGA 3 MG COMPRIMIDOS DE LIBERACION PROLONGADA,PALIPERIDONA,Dolor de espalda,FRECUENTE,TRASTORNOS DEL SISTEMA MÚSCULO-ESQUELÉTICO
107395041,INVEGA 3 MG COMPRIMIDOS DE LIBERACION PROLONGADA,PALIPERIDONA,Dolor musculoesquelético,FRECUENTE,TRASTORNOS DEL SISTEMA MÚSCULO-ESQUELÉTICO
107395041,INVEGA 3 MG COMPRIMIDOS DE LIBERACION PROLONGADA,PALIPERIDONA,Espasmos musculares,POCO FRECUENTE,TRASTORNOS DEL SISTEMA MÚSCULO-ESQUELÉTICO
107395041,INVEGA 3 MG COMPRIMIDOS DE LIBERACION PROLONGADA,PALIPERIDONA,Inflamación de las articulaciones,POCO FRECUENTE,TRASTORNOS DEL SISTEMA MÚSCULO-ESQUELÉTICO
107395041,INVEGA 3 MG COMPRIMIDOS DE LIBERACION PROLONGADA,PALIPERIDONA,Rabdomiólisis,NO FRECUENTE,TRASTORNOS DEL SISTEMA MÚSCULO-ESQUELÉTICO
107395041,INVEGA 3 MG COMPRIMIDOS DE LIBERACION PROLONGADA,PALIPERIDONA,Rigidéz de las articulaciones,POCO FRECUENTE,TRASTORNOS DEL SISTEMA MÚSCULO-ESQUELÉTICO
107395041,INVEGA 3 MG COMPRIMIDOS DE LIBERACION PROLONGADA,PALIPERIDONA,Acatisia,MUY FRECUENTE,TRASTORNOS DEL SISTEMA NERVIOSO
107395041,INVEGA 3 MG COMPRIMIDOS DE LIBERACION PROLONGADA,PALIPERIDONA,Alteración de la atención,POCO FRECUENTE,TRASTORNOS DEL SISTEMA NERVIOSO
107395041,INVEGA 3 MG COMPRIMIDOS DE LIBERACION PROLONGADA,PALIPERIDONA,Cefalea,MUY FRECUENTE,TRASTORNOS DEL SISTEMA NERVIOSO
107395041,INVEGA 3 MG COMPRIMIDOS DE LIBERACION PROLONGADA,PALIPERIDONA,Coma diabético,NO FRECUENTE,TRASTORNOS DEL SISTEMA NERVIOSO
107395041,INVEGA 3 MG COMPRIMIDOS DE LIBERACION PROLONGADA,PALIPERIDONA,Convulsión,POCO FRECUENTE,TRASTORNOS DEL SISTEMA NERVIOSO
107395041,INVEGA 3 MG COMPRIMIDOS DE LIBERACION PROLONGADA,PALIPERIDONA,Coordinación anormal,NO FRECUENTE,TRASTORNOS DEL SISTEMA NERVIOSO
107395041,INVEGA 3 MG COMPRIMIDOS DE LIBERACION PROLONGADA,PALIPERIDONA,Disartria,POCO FRECUENTE,TRASTORNOS DEL SISTEMA NERVIOSO
107395041,INVEGA 3 MG COMPRIMIDOS DE LIBERACION PROLONGADA,PALIPERIDONA,Discinesia,FRECUENTE,TRASTORNOS DEL SISTEMA NERVIOSO
107395041,INVEGA 3 MG COMPRIMIDOS DE LIBERACION PROLONGADA,PALIPERIDONA,Discinesia tardía,POCO FRECUENTE,TRASTORNOS DEL SISTEMA NERVIOSO
107395041,INVEGA 3 MG COMPRIMIDOS DE LIBERACION PROLONGADA,PALIPERIDONA,Disgeusia,POCO FRECUENTE,TRASTORNOS DEL SISTEMA NERVIOSO
107395041,INVEGA 3 MG COMPRIMIDOS DE LIBERACION PROLONGADA,PALIPERIDONA,Disminución del nivel de consciencia,NO FRECUENTE,TRASTORNOS DEL SISTEMA NERVIOSO
107395041,INVEGA 3 MG COMPRIMIDOS DE LIBERACION PROLONGADA,PALIPERIDONA,Distonía,FRECUENTE,TRASTORNOS DEL SISTEMA NERVIOSO
107395041,INVEGA 3 MG COMPRIMIDOS DE LIBERACION PROLONGADA,PALIPERIDONA,Hiperactividad psicomotora,POCO FRECUENTE,TRASTORNOS DEL SISTEMA NERVIOSO
107395041,INVEGA 3 MG COMPRIMIDOS DE LIBERACION PROLONGADA,PALIPERIDONA,Hipoestesia,POCO FRECUENTE,TRASTORNOS DEL SISTEMA NERVIOSO
107395041,INVEGA 3 MG COMPRIMIDOS DE LIBERACION PROLONGADA,PALIPERIDONA,Isquemia cerebral sin respuesta a estímulos,NO FRECUENTE,TRASTORNOS DEL SISTEMA NERVIOSO
107395041,INVEGA 3 MG COMPRIMIDOS DE LIBERACION PROLONGADA,PALIPERIDONA,Mareo postural,POCO FRECUENTE,TRASTORNOS DEL SISTEMA NERVIOSO
107395041,INVEGA 3 MG COMPRIMIDOS DE LIBERACION PROLONGADA,PALIPERIDONA,Mareos,FRECUENTE,TRASTORNOS DEL SISTEMA NERVIOSO
107395041,INVEGA 3 MG COMPRIMIDOS DE LIBERACION PROLONGADA,PALIPERIDONA,Parestesia,POCO FRECUENTE,TRASTORNOS DEL SISTEMA NERVIOSO
107395041,INVEGA 3 MG COMPRIMIDOS DE LIBERACION PROLONGADA,PALIPERIDONA,Parkinsonismo,MUY FRECUENTE,TRASTORNOS DEL SISTEMA NERVIOSO
107395041,INVEGA 3 MG COMPRIMIDOS DE LIBERACION PROLONGADA,PALIPERIDONA,Pérdida de la consciencia,NO FRECUENTE,TRASTORNOS DEL SISTEMA NERVIOSO
107395041,INVEGA 3 MG COMPRIMIDOS DE LIBERACION PROLONGADA,PALIPERIDONA,Sedación,MUY FRECUENTE,TRASTORNOS DEL SISTEMA NERVIOSO
107395041,INVEGA 3 MG COMPRIMIDOS DE LIBERACION PROLONGADA,PALIPERIDONA,somnolencia,MUY FRECUENTE,TRASTORNOS DEL SISTEMA NERVIOSO
107395041,INVEGA 3 MG COMPRIMIDOS DE LIBERACION PROLONGADA,PALIPERIDONA,Síncopes,POCO FRECUENTE,TRASTORNOS DEL SISTEMA NERVIOSO
107395041,INVEGA 3 MG COMPRIMIDOS DE LIBERACION PROLONGADA,PALIPERIDONA,Síndrome neuroléptico maligno,NO FRECUENTE,TRASTORNOS DEL SISTEMA NERVIOSO
107395041,INVEGA 3 MG COMPRIMIDOS DE LIBERACION PROLONGADA,PALIPERIDONA,Temblor,FRECUENTE,TRASTORNOS DEL SISTEMA NERVIOSO
107395041,INVEGA 3 MG COMPRIMIDOS DE LIBERACION PROLONGADA,PALIPERIDONA,Titubeo de la cabeza,NO FRECUENTE,TRASTORNOS DEL SISTEMA NERVIOSO
107395041,INVEGA 3 MG COMPRIMIDOS DE LIBERACION PROLONGADA,PALIPERIDONA,Trastorno del equilibrio,NO FRECUENTE,TRASTORNOS DEL SISTEMA NERVIOSO
107395041,INVEGA 3 MG COMPRIMIDOS DE LIBERACION PROLONGADA,PALIPERIDONA,Amenorrea,FRECUENTE,TRASTORNOS DEL SISTEMA REPRODUCTOR
107395041,INVEGA 3 MG COMPRIMIDOS DE LIBERACION PROLONGADA,PALIPERIDONA,Aumento de las mamas,NO FRECUENTE,TRASTORNOS DEL SISTEMA REPRODUCTOR
107395041,INVEGA 3 MG COMPRIMIDOS DE LIBERACION PROLONGADA,PALIPERIDONA,Congestión de las mamas,NO FRECUENTE,TRASTORNOS DEL SISTEMA REPRODUCTOR
107395041,INVEGA 3 MG COMPRIMIDOS DE LIBERACION PROLONGADA,PALIPERIDONA,Disfunción eréctil,POCO FRECUENTE,TRASTORNOS DEL SISTEMA REPRODUCTOR
107395041,INVEGA 3 MG COMPRIMIDOS DE LIBERACION PROLONGADA,PALIPERIDONA,Disfunción sexual,POCO FRECUENTE,TRASTORNOS DEL SISTEMA REPRODUCTOR
107395041,INVEGA 3 MG COMPRIMIDOS DE LIBERACION PROLONGADA,PALIPERIDONA,Dolor de las mamas,POCO FRECUENTE,TRASTORNOS DEL SISTEMA REPRODUCTOR
107395041,INVEGA 3 MG COMPRIMIDOS DE LIBERACION PROLONGADA,PALIPERIDONA,Ginecomastia,NO FRECUENTE,TRASTORNOS DEL SISTEMA REPRODUCTOR
107395041,INVEGA 3 MG COMPRIMIDOS DE LIBERACION PROLONGADA,PALIPERIDONA,Glactorrea,POCO FRECUENTE,TRASTORNOS DEL SISTEMA REPRODUCTOR
107395041,INVEGA 3 MG COMPRIMIDOS DE LIBERACION PROLONGADA,PALIPERIDONA,Malestar de las mamas,POCO FRECUENTE,TRASTORNOS DEL SISTEMA REPRODUCTOR
107395041,INVEGA 3 MG COMPRIMIDOS DE LIBERACION PROLONGADA,PALIPERIDONA,Priapismo,NO FRECUENTE,TRASTORNOS DEL SISTEMA REPRODUCTOR
107395041,INVEGA 3 MG COMPRIMIDOS DE LIBERACION PROLONGADA,PALIPERIDONA,Retraso en la menstruación,NO FRECUENTE,TRASTORNOS DEL SISTEMA REPRODUCTOR
107395041,INVEGA 3 MG COMPRIMIDOS DE LIBERACION PROLONGADA,PALIPERIDONA,Secreción mamaria,NO FRECUENTE,TRASTORNOS DEL SISTEMA REPRODUCTOR
107395041,INVEGA 3 MG COMPRIMIDOS DE LIBERACION PROLONGADA,PALIPERIDONA,Secreción vaginal,NO FRECUENTE,TRASTORNOS DEL SISTEMA REPRODUCTOR
107395041,INVEGA 3 MG COMPRIMIDOS DE LIBERACION PROLONGADA,PALIPERIDONA,Trastorno de la eyaculación,POCO FRECUENTE,TRASTORNOS DEL SISTEMA REPRODUCTOR
107395041,INVEGA 3 MG COMPRIMIDOS DE LIBERACION PROLONGADA,PALIPERIDONA,Trastornos menstruales,POCO FRECUENTE,TRASTORNOS DEL SISTEMA REPRODUCTOR
107395041,INVEGA 3 MG COMPRIMIDOS DE LIBERACION PROLONGADA,PALIPERIDONA,Congestión nasal,FRECUENTE,TRASTORNOS DEL SISTEMA RESPIRATORIO
107395041,INVEGA 3 MG COMPRIMIDOS DE LIBERACION PROLONGADA,PALIPERIDONA,Congestión pulmonar,SIN FRECUENCIA,TRASTORNOS DEL SISTEMA RESPIRATORIO
107395041,INVEGA 3 MG COMPRIMIDOS DE LIBERACION PROLONGADA,PALIPERIDONA,Consgestión del tracto respiratorio,NO FRECUENTE,TRASTORNOS DEL SISTEMA RESPIRATORIO
107395041,INVEGA 3 MG COMPRIMIDOS DE LIBERACION PROLONGADA,PALIPERIDONA,Disfonía,NO FRECUENTE,TRASTORNOS DEL SISTEMA RESPIRATORIO
107395041,INVEGA 3 MG COMPRIMIDOS DE LIBERACION PROLONGADA,PALIPERIDONA,Disnea,POCO FRECUENTE,TRASTORNOS DEL SISTEMA RESPIRATORIO
107395041,INVEGA 3 MG COMPRIMIDOS DE LIBERACION PROLONGADA,PALIPERIDONA,Dolor faringolaríngeo,FRECUENTE,TRASTORNOS DEL SISTEMA RESPIRATORIO
107395041,INVEGA 3 MG COMPRIMIDOS DE LIBERACION PROLONGADA,PALIPERIDONA,Epistaxis,POCO FRECUENTE,TRASTORNOS DEL SISTEMA RESPIRATORIO
107395041,INVEGA 3 MG COMPRIMIDOS DE LIBERACION PROLONGADA,PALIPERIDONA,Hiperventilación,NO FRECUENTE,TRASTORNOS DEL SISTEMA RESPIRATORIO
107395041,INVEGA 3 MG COMPRIMIDOS DE LIBERACION PROLONGADA,PALIPERIDONA,Neumonía por aspiración,NO FRECUENTE,TRASTORNOS DEL SISTEMA RESPIRATORIO
107395041,INVEGA 3 MG COMPRIMIDOS DE LIBERACION PROLONGADA,PALIPERIDONA,Sibilancias,POCO FRECUENTE,TRASTORNOS DEL SISTEMA RESPIRATORIO
107395041,INVEGA 3 MG COMPRIMIDOS DE LIBERACION PROLONGADA,PALIPERIDONA,Síndrome de apnea del sueño,NO FRECUENTE,TRASTORNOS DEL SISTEMA RESPIRATORIO
107395041,INVEGA 3 MG COMPRIMIDOS DE LIBERACION PROLONGADA,PALIPERIDONA,Tos ,FRECUENTE,TRASTORNOS DEL SISTEMA RESPIRATORIO
107395041,INVEGA 3 MG COMPRIMIDOS DE LIBERACION PROLONGADA,PALIPERIDONA,Agitación,FRECUENTE,TRASTORNOS PSIQUIÁTRICOS
107395041,INVEGA 3 MG COMPRIMIDOS DE LIBERACION PROLONGADA,PALIPERIDONA,Anosgarmia,POCO FRECUENTE,TRASTORNOS PSIQUIÁTRICOS
107395041,INVEGA 3 MG COMPRIMIDOS DE LIBERACION PROLONGADA,PALIPERIDONA,Ansiedad,FRECUENTE,TRASTORNOS PSIQUIÁTRICOS
107395041,INVEGA 3 MG COMPRIMIDOS DE LIBERACION PROLONGADA,PALIPERIDONA,Depresión,FRECUENTE,TRASTORNOS PSIQUIÁTRICOS
107395041,INVEGA 3 MG COMPRIMIDOS DE LIBERACION PROLONGADA,PALIPERIDONA,Disminución de la líbido,POCO FRECUENTE,TRASTORNOS PSIQUIÁTRICOS
107395041,INVEGA 3 MG COMPRIMIDOS DE LIBERACION PROLONGADA,PALIPERIDONA,Embotamiento afectivo,NO FRECUENTE,TRASTORNOS PSIQUIÁTRICOS
107395041,INVEGA 3 MG COMPRIMIDOS DE LIBERACION PROLONGADA,PALIPERIDONA,Estado de confusión,POCO FRECUENTE,TRASTORNOS PSIQUIÁTRICOS
107395041,INVEGA 3 MG COMPRIMIDOS DE LIBERACION PROLONGADA,PALIPERIDONA,Insomnio,MUY FRECUENTE,TRASTORNOS PSIQUIÁTRICOS
107395041,INVEGA 3 MG COMPRIMIDOS DE LIBERACION PROLONGADA,PALIPERIDONA,Manía,FRECUENTE,TRASTORNOS PSIQUIÁTRICOS
107395041,INVEGA 3 MG COMPRIMIDOS DE LIBERACION PROLONGADA,PALIPERIDONA,Nerviosismo,POCO FRECUENTE,TRASTORNOS PSIQUIÁTRICOS
107395041,INVEGA 3 MG COMPRIMIDOS DE LIBERACION PROLONGADA,PALIPERIDONA,Pesadillas,POCO FRECUENTE,TRASTORNOS PSIQUIÁTRICOS
107395041,INVEGA 3 MG COMPRIMIDOS DE LIBERACION PROLONGADA,PALIPERIDONA,Sonambulismo,NO FRECUENTE,TRASTORNOS PSIQUIÁTRICOS
107395041,INVEGA 3 MG COMPRIMIDOS DE LIBERACION PROLONGADA,PALIPERIDONA,Trastornos del sueño,POCO FRECUENTE,TRASTORNOS PSIQUIÁTRICOS
113907004,ADEMPAS 1 MG COMPRIMIDOS RECUBIERTOS CON PELICULA,RIOCIGUAT,Gastroenteritis,FRECUENTE,INFECCIONES E INFESTACIONES
113907004,ADEMPAS 1 MG COMPRIMIDOS RECUBIERTOS CON PELICULA,RIOCIGUAT,Anemia,FRECUENTE,TRASTORNOS DE LA SANGRE Y ÓRGANOS HEMATOPOYÉTICOS
113907004,ADEMPAS 1 MG COMPRIMIDOS RECUBIERTOS CON PELICULA,RIOCIGUAT,Hipotensión,FRECUENTE,TRASTORNOS DEL SISTEMA CARDIOVASCULAR
113907004,ADEMPAS 1 MG COMPRIMIDOS RECUBIERTOS CON PELICULA,RIOCIGUAT,Palpitaciones,FRECUENTE,TRASTORNOS DEL SISTEMA CARDIOVASCULAR
113907004,ADEMPAS 1 MG COMPRIMIDOS RECUBIERTOS CON PELICULA,RIOCIGUAT,Diarrea,MUY FRECUENTE,TRASTORNOS DEL SISTEMA DIGESTIVO
113907004,ADEMPAS 1 MG COMPRIMIDOS RECUBIERTOS CON PELICULA,RIOCIGUAT,Disfagia,FRECUENTE,TRASTORNOS DEL SISTEMA DIGESTIVO
113907004,ADEMPAS 1 MG COMPRIMIDOS RECUBIERTOS CON PELICULA,RIOCIGUAT,Dispepsia,MUY FRECUENTE,TRASTORNOS DEL SISTEMA DIGESTIVO
113907004,ADEMPAS 1 MG COMPRIMIDOS RECUBIERTOS CON PELICULA,RIOCIGUAT,Distensión abdominal,FRECUENTE,TRASTORNOS DEL SISTEMA DIGESTIVO
113907004,ADEMPAS 1 MG COMPRIMIDOS RECUBIERTOS CON PELICULA,RIOCIGUAT,Dolor gastrointestinal y abdominal,FRECUENTE,TRASTORNOS DEL SISTEMA DIGESTIVO
113907004,ADEMPAS 1 MG COMPRIMIDOS RECUBIERTOS CON PELICULA,RIOCIGUAT,Enfermedad por reflujo gastroesofágico,FRECUENTE,TRASTORNOS DEL SISTEMA DIGESTIVO
113907004,ADEMPAS 1 MG COMPRIMIDOS RECUBIERTOS CON PELICULA,RIOCIGUAT,Estreñimiento ,FRECUENTE,TRASTORNOS DEL SISTEMA DIGESTIVO
113907004,ADEMPAS 1 MG COMPRIMIDOS RECUBIERTOS CON PELICULA,RIOCIGUAT,Gastritis,FRECUENTE,TRASTORNOS DEL SISTEMA DIGESTIVO
113907004,ADEMPAS 1 MG COMPRIMIDOS RECUBIERTOS CON PELICULA,RIOCIGUAT,Náuseas,MUY FRECUENTE,TRASTORNOS DEL SISTEMA DIGESTIVO
113907004,ADEMPAS 1 MG COMPRIMIDOS RECUBIERTOS CON PELICULA,RIOCIGUAT,Vómitos,MUY FRECUENTE,TRASTORNOS DEL SISTEMA DIGESTIVO
113907004,ADEMPAS 1 MG COMPRIMIDOS RECUBIERTOS CON PELICULA,RIOCIGUAT,Edema periférico,MUY FRECUENTE,TRASTORNOS DEL SISTEMA GENERAL
113907004,ADEMPAS 1 MG COMPRIMIDOS RECUBIERTOS CON PELICULA,RIOCIGUAT,Cefalea,MUY FRECUENTE,TRASTORNOS DEL SISTEMA NERVIOSO
113907004,ADEMPAS 1 MG COMPRIMIDOS RECUBIERTOS CON PELICULA,RIOCIGUAT,Mareo,MUY FRECUENTE,TRASTORNOS DEL SISTEMA NERVIOSO
113907004,ADEMPAS 1 MG COMPRIMIDOS RECUBIERTOS CON PELICULA,RIOCIGUAT,Congestión nasal,FRECUENTE,TRASTORNOS DEL SISTEMA RESPIRATORIO
113907004,ADEMPAS 1 MG COMPRIMIDOS RECUBIERTOS CON PELICULA,RIOCIGUAT,Epixtasis,FRECUENTE,TRASTORNOS DEL SISTEMA RESPIRATORIO
113907004,ADEMPAS 1 MG COMPRIMIDOS RECUBIERTOS CON PELICULA,RIOCIGUAT,Hemoptisis,FRECUENTE,TRASTORNOS DEL SISTEMA RESPIRATORIO
113907004,ADEMPAS 1 MG COMPRIMIDOS RECUBIERTOS CON PELICULA,RIOCIGUAT,Hemorragia pulmonar,POCO FRECUENTE,TRASTORNOS DEL SISTEMA RESPIRATORIO
